,pi,i_personales,i_tarjetas,w_priv_reg,w_publico,w_no_reg,r_personales,r_tarjetas,g_priv_reg,g_publico,g_no_reg
2017-01-01,0.015858999999999845,0.03320939581291693,0.03288709462882933,0.03353095538925066,0.0030282309270295293,-0.011627906976744207,0.017079531522501634,0.016762261917086407,0.01739607109771213,-0.012630462567118417,-0.027057797368280512
2017-02-01,0.020672160211210544,0.03261575848852538,0.03288709462882933,0.012695128832048042,0.0038955979742889557,0.028823529411764692,0.011701698883256784,0.011967539523259907,-0.007815468756894317,-0.016436778518040485,0.00798627563121479
2017-03-01,0.023741897403600554,0.032480116258339464,0.03555323930138243,0.014578883833225031,0.040357004268529284,0.04898036973508679,0.008535568268623894,0.011537421617438648,-0.008950511445916853,0.01622978106793105,0.024653159546850434
2017-04-01,0.026558301836310916,0.03202245087943578,0.03288709462882933,0.03358960278235412,0.03328981723237612,0.04115188953488369,0.005322784914749246,0.006165059287132069,0.006849392707131807,0.006557362971030267,0.014216033977288767
2017-05-01,0.014347502493881281,0.03197161127765291,0.03288709462882933,0.01992384663065616,0.013265950726468745,0.010295785708053451,0.01737482346083663,0.018277357699769015,0.005497469183948223,-0.001066253689937069,-0.00399440702113063
2017-06-01,0.011920734713892323,0.03138712983759495,0.03288709462882933,0.017798228859176923,0.026897043106519414,0.00388634597115467,0.01923707505529726,0.020719369804063748,0.00580825547264463,0.014799882914605433,-0.007939741194263883
2017-07-01,0.017322662871029015,0.031954665281721306,0.03568927178563941,0.04751343512752704,0.02766695576756284,0.038713007570543745,0.014382853095397108,0.018053867848355276,0.029676692910089564,0.010168153403110836,0.021026116374079473
2017-08-01,0.014032580687119323,0.031946192384635586,0.03463547168874803,0.014250814332247508,0.025740568824373478,0.04406162000993885,0.017665716110795815,0.02031778011281249,0.00021521364232723883,0.011545968404014006,0.029613485695372255
2017-09-01,0.01898044667317844,0.032412301602314786,0.03500078492000358,0.011641910879164996,0.019335198288629174,0.013009677931143937,0.013181661113311316,0.015721929011620617,-0.007201841623136862,0.0003481436926575654,-0.0058595518309778605
2017-10-01,0.015147326869770827,0.03201397744434642,0.03517923902038511,0.017698412698412547,0.017273387682621655,0.006264682850430692,0.016614978070803144,0.01973300980103354,0.00251302028889544,0.0020943372026664964,-0.008750103343846627
2017-11-01,0.013750829473627713,0.03281077437399804,0.03447409392237466,0.014115261639241927,0.01023565817662453,0.02684824902723726,0.018801409918714374,0.020442167686814283,0.0003594888951197195,-0.0034674904274341056,0.01291976210802237
2017-12-01,0.031419739821809234,0.03339603566793348,0.03528122614577911,0.007459243309750896,0.004869619855482288,0.028495642288745904,0.0019160927116497195,0.0037438553625481763,-0.023230597192368863,-0.025741333950922707,-0.002835021883107025
2018-01-01,0.01757353624647018,0.03399859572043096,0.035833825227153726,0.017097931455614113,0.003986243551664881,0.006337042222385847,0.01614139803060133,0.017944933049301115,-0.00046739107682614023,-0.013352639598829263,-0.01104243931650628
2018-02-01,0.024190341345332378,0.033794875460043894,0.036020923338003996,0.007954971857411008,0.006773063448812788,0.01186204876620045,0.009377684720298651,0.011551155595874274,-0.01585190645968726,-0.017005899385500012,-0.012037110761011438
2018-03-01,0.023410625508416993,0.033506338173640904,0.03624208140506746,0.014295287022559666,0.028224559232910673,0.018163398219842142,0.00986477217803805,0.01253793499581457,-0.008906824160955895,0.004703814485121471,-0.005127196413431845
2018-04-01,0.027390323758465174,0.033608165972638826,0.036446267818530886,0.03508771929824572,0.01534180642250127,0.023454157782516027,0.006052073949292414,0.008814511730008023,0.007492182242500922,-0.011727302717712274,-0.003831227416615679
2018-05-01,0.020753748413176565,0.03522173247563254,0.03694839142682427,0.02453726686050639,0.01592474631508778,-0.00881944444444449,0.014173824083376863,0.015865376971500922,0.0037065927538464383,-0.004730819853070112,-0.02897191698153878
2018-06-01,0.03736676091935398,0.037203798691437306,0.03734855646717827,0.01384370457534434,0.013196267133275041,-0.011980662789882857,-0.0001570922011924214,-1.7548713590498366e-05,-0.022675737482819147,-0.023299853722571706,-0.04756989096653075
2018-07-01,0.031016129934470893,0.039189533098486384,0.03954786735054605,0.023690858196217635,0.029071022522846546,0.028861154446177872,0.007927522108247764,0.008275076566083728,-0.007104905079146406,-0.0018865926100961605,-0.0020901472108200148
2018-08-01,0.038894388753662135,0.04076880603083688,0.03962466879991333,0.028411364545818163,0.02971820152436888,0.0256392583913434,0.0018042423729167645,0.0007029396386741826,-0.010090558117673787,-0.00883264682977225,-0.01275888146649884
2018-09-01,0.06534286160071301,0.04754747083394628,0.041862849830824445,0.023476005188067584,0.034972158087736016,0.03501108796451846,-0.016703909518883453,-0.022039863987645347,-0.0392989505272876,-0.02850791478279957,-0.028471372672099204
2018-10-01,0.05391607151610733,0.05340034955225126,0.0452117008535009,0.03827144848561659,0.046716094744439385,0.01694585118815728,-0.0004893387412853167,-0.008259073846444753,-0.014844277882569146,-0.006831641499982499,-0.03507890365004751
2018-11-01,0.0315336499618426,0.054403408649758234,0.047384146642238,0.025631636763090437,0.019808186547984663,0.05299112558258323,0.02217063756355553,0.01536595212476266,-0.00572159056466115,-0.011367019790669675,0.02080152753284814
2018-12-01,0.02569823445714392,0.05387582287109405,0.051466017591405455,0.016601213852195595,0.02440223738398184,0.04656520948281084,0.02747161637541784,0.025122187275577357,-0.008869100383859907,-0.001263526668589754,0.020344165881021503
2019-01-01,0.029062409093474573,0.05402282931895663,0.05228596191798496,0.03546971027216861,0.02592103684147351,0.026360002317362685,0.0242554970475215,0.022567681628725023,0.006226348491670475,-0.003052654750811845,-0.002626086379437842
2019-02-01,0.03765622189957196,0.05241548329976409,0.05313244688535579,0.027415069809507697,0.025675517604398346,0.02573944456988042,0.014223652389587338,0.014914597589414047,-0.009869503862576456,-0.0115459282586301,-0.011484321182863688
2019-03-01,0.04679540188289599,0.05119859048576947,0.054810083301374046,0.03576144366197176,0.05485544848035584,0.026799471714725964,0.004206350730002528,0.007656397232985501,-0.010540701842095546,0.007699734430397731,-0.019102042416505483
2019-04-01,0.03400000000000003,0.05324478514542963,0.05331392213990749,0.02767449272283007,0.019784853235309985,0.012112117476820838,0.018611977896933807,0.018678841527956846,-0.00611751187347187,-0.013747724143800766,-0.021168164916034016
2019-05-01,0.03103620271216312,0.05656831406619678,0.05719260335046483,0.04233214451853007,0.024277763053273116,-0.002171035213132111,0.024763544953000594,0.02536904191094047,0.010955911903629323,-0.0065549974298785285,-0.03220763522943504
2019-06-01,0.02718005402399526,0.05659431900328493,0.0568630729183599,0.02643062580581179,0.02070071934999751,0.0018042878369772808,0.028635938620555246,0.028897581079462054,-0.0007295977129302411,-0.0063078859919590835,-0.024704301926043004
2019-07-01,0.02197865538692101,0.05554594383010936,0.06301908533899536,0.04285231170587944,0.06231303554226031,0.03554401949359054,0.03284539091521421,0.04015781517133199,0.020424747825144918,0.03946694966938291,0.013273627619486472
2019-08-01,0.03953985787048686,0.05819915284053079,0.05963247888343193,0.027842119892522943,0.01761168384879719,0.025730216379354465,0.017949571465463388,0.019328379629526715,-0.011252803718297955,-0.021094115685578285,-0.013284379032297622
2019-09-01,0.05885662272122305,0.06491281575168384,0.05953686545594761,0.026366791364312414,0.03559870550161803,0.013614602034709655,0.005719559098470439,0.0006424313926245429,-0.030683881707622485,-0.02196512419201102,-0.04272723966181846
2019-10-01,0.032934820909841234,0.06404845162419481,0.06104157020266099,0.037721763569295685,0.030117753623188248,0.02091020910209096,0.030121581811858977,0.02721057391410464,0.00463431241018486,-0.0027272459303595564,-0.011641210620781162
2019-11-01,0.04254537309480311,0.06285342992362364,0.06440633829971576,0.027675510981338025,0.017322488459001972,0.02269879518072293,0.019479302630768025,0.020968838161947945,-0.014263035928425594,-0.02419356057466049,-0.01903665627057116
2019-12-01,0.03743707355138337,0.06058037194715227,0.06943775634725502,0.015194564546016087,0.029128311508708205,0.053390509401064934,0.022308146668158058,0.030845902476114517,-0.021439863267297854,-0.008008931100015881,0.01537773832881184
2020-01-01,0.022528949260559816,0.05835542455903697,0.06479054124819994,0.08542224385495256,0.027128039306261398,0.041245414690883164,0.035037125671977254,0.041330460148049086,0.061507593149195294,0.004497760233612258,0.018304093437998104
2020-02-01,0.020136293736429556,0.05395364734500241,0.06216491969007509,0.046225710014947685,0.028537552639110286,0.032050180443375265,0.033149838718815605,0.04119903018027937,0.025574441806164083,0.008235427907294257,0.011678720559298084
2020-03-01,0.03343468643672254,0.05025018607218623,0.04831284354307552,0.022966746437118157,0.041777636443137034,0.03459328948463902,0.01627146819838554,0.014396804463427504,-0.010129270999890472,0.008073030754542465,0.001121118792626774
2020-04-01,0.014965725908725691,0.04454281386778347,0.03836240786997114,-0.0023044692737429484,0.005570818070818273,0.006840220496519445,0.0291409721570417,0.023051696588372694,-0.01701554519686488,-0.009256379400886527,-0.008005694384341178
2020-05-01,0.015427362512386189,0.042872406224296666,0.03534922295873022,-0.0023797858192763366,0.005236396751916228,-0.0049954042281101785,0.027028071849477753,0.01961918811903307,-0.017536604772599218,-0.010036134672651853,-0.02011248415639111
2020-06-01,0.022435391591276943,0.04213653443698884,0.03480536931238554,0.0013330526906616402,0.00856862449041218,0.015101614587517131,0.019268838899492602,0.012098542189405759,-0.02063928838356477,-0.013562487385421096,-0.007172851276544545
2020-07-01,0.019341946456512993,0.04241028853968465,0.03541722408880599,0.013137612107623209,0.01104083236648079,0.04253382923162152,0.022630621807885998,0.015770250295472188,-0.006086607512285402,-0.008143600995611844,0.022751818323310635
2020-08-01,0.027001103590661213,0.042872406224296666,0.035272726847692226,0.02054012932674021,0.007625675575627433,0.03730691866864011,0.015454026853666702,0.008054152257588987,-0.006291107420753228,-0.018866024532293357,0.010034862710416759
2020-09-01,0.028355216469789557,0.043283343746602476,0.03451655939642029,0.02171924236777012,0.03207200587803083,0.02330601492755746,0.014516508534919703,0.005991453952829406,-0.006452997948315886,0.0036143050073693672,-0.004909978051713781
2020-10-01,0.03760969843982198,0.04247018151527682,0.03501777926729077,0.05345891092392385,0.03128893318620296,0.02163109156566212,0.004684307676348087,-0.002497971227937157,0.015274734332122453,-0.006091659766791935,-0.015399438631101603
2020-11-01,0.03159704941096653,0.044362799620883964,0.035255728453876145,0.026380406724170413,0.017775783515117993,0.07426331630153271,0.012374744787421177,0.003546616428380389,-0.005056860806043173,-0.013397930813916492,0.04135943090853966
2020-12-01,0.04005567338353533,0.04654212848846928,0.03504327129398788,0.016010305483989518,0.024078407433784532,0.012444618191295165,0.006236642201885356,-0.004819359403368306,-0.023119308432134944,-0.015361933364368086,-0.026547670378466504
2021-01-01,0.0404902941982872,0.04739274203861954,0.035408723711442214,0.04030067016844785,0.02434016624167956,0.02458330651908125,0.006633841640637961,-0.004883823054553704,-0.00018224488099183311,-0.015521651712331996,-0.01528797314871877
2021-02-01,0.0357463168148211,0.04701460909556654,0.035765797648922515,0.05142044630161613,0.038212854002327656,0.028295961308963058,0.010879394015513633,1.8808499518740973e-05,0.015133174245791192,0.0023814105321577905,-0.007193224233487783
2021-03-01,0.04810807496281799,0.0470661649070061,0.03531522401262732,0.039604780172770804,0.07544995951921285,0.042543444400329866,-0.0009940864694214513,-0.012205660137333152,-0.008112994254288908,0.02608689429032851,-0.0053092144745526815
2021-04-01,0.040802935399596674,0.04657648376357448,0.03555323930138243,0.04741425082297979,0.015548542143208666,0.014588704007499231,0.005547206072935573,-0.005043890557628661,0.006352129878308688,-0.02426433707807718,-0.025186546367716556
2021-05-01,0.03322978073639549,0.045863835144386966,0.0354767286192188,0.035078825974552474,0.028767748189542086,0.0090373621296993,0.012227729633370599,0.0021746836228644373,0.001789577955098487,-0.004318528782313313,-0.023414364411229016
2021-06-01,0.0317454797589205,0.044234236377052705,0.03554473784461609,0.01755717713893934,0.04015741484909796,0.011646207113629181,0.01210449365966726,0.003682359806978175,-0.01375174681966762,0.00815311068010982,-0.019480843909282508
2021-07-01,0.029970333220362466,0.04519454473405715,0.035502231572758225,0.05161833714354458,0.06024192688905461,0.02401425581263772,0.014781213616215316,0.005370929796685964,0.021018084914636637,0.02939074329844371,-0.005782765984241656
2021-08-01,0.024684866674014705,0.04461139861310226,0.03568927178563941,0.03350114416475969,0.0323926318699268,0.025439880672872617,0.019446497735217116,0.01073930675617718,0.008603891574354261,0.007522083565975279,0.0007368255581918781
2021-09-01,0.03546787953311381,0.04504872870900378,0.035842328978111127,0.03602426711540163,0.0663307531278905,0.008350393276586487,0.009252676365209878,0.00036162342878864884,0.000537329639369144,0.029805727637531865,-0.026188631045469424
2021-10-01,0.0351627483837178,0.04437994254273958,0.03572328260565438,0.03714389519352013,0.0366379802314698,0.05655286637815893,0.008904101479128013,0.0005414938112986434,0.001913850563977082,0.001425120687597481,0.020663531437775662
2021-11-01,0.025294646013509503,0.043471742419319837,0.035978398171706116,0.04473613715510316,0.027349599224874455,0.04346287072387556,0.01772865631990328,0.010420177457998614,0.018961857664218762,0.0020042562587787582,0.01772000349461167
2021-12-01,0.03839970305841267,0.04449137816539328,0.035842328978111127,0.014477317554240754,0.026814421057144155,0.058395929246426004,0.005866406826811277,-0.0024628031698865627,-0.023037743013324286,-0.011156861820305064,0.019256771866477118
2022-01-01,0.03875681916706375,0.04616429240596576,0.03603793387698939,0.04633122059338168,0.029182757540966442,0.025503663003662913,0.007131094691481099,-0.0026174415800750417,0.007291794659303852,-0.00921684599266881,-0.012758670671378147
2022-02-01,0.046943656010089985,0.04695446375035295,0.03867783414161163,0.03872382332720159,0.023669959231689797,0.021587712640085854,1.032313458404488e-05,-0.007895192660108852,-0.007851265572604182,-0.022230133059019108,-0.024219014294079466
2022-03-01,0.06728797833902544,0.047048979363865095,0.039104233019890744,0.05420296595767504,0.12110164454131178,0.0562487707873518,-0.018963015967496832,-0.026406879765474178,-0.012260057872772068,0.050420942889316755,-0.010343232356887833
2022-04-01,0.06047319114997163,0.04881191665507867,0.040589420547842536,0.055963754221038275,0.02659856491463719,0.07061135822902664,-0.01099629353406617,-0.018749904069302548,-0.004252287532175436,-0.03194293501998002,0.009560040898404232
2022-05-01,0.050502280595626114,0.04960402099433581,0.04211942711325034,0.06969419402529375,0.06640039940089881,0.03225245420112843,-0.0008550762981504034,-0.00797985272114099,0.018269273455347568,0.015133826074378964,-0.01737247670147868
2022-06-01,0.05295221251628157,0.05073290673202613,0.042949445089364824,0.05062644593335941,0.04594472426707985,0.04594043094894906,-0.002107698486099263,-0.009499735418203592,-0.0022088054474610486,-0.0066550866847562284,-0.006659164094993564
2022-07-01,0.07406196857159353,0.055381414306536536,0.043891475850115436,0.0538349347975291,0.07322117610742418,0.029711299242898725,-0.017392436201703054,-0.028090085678764143,-0.018832278179409467,-0.0007828155998182984,-0.04129246787099006
2022-08-01,0.06970335575355069,0.06330686196030633,0.04613853565731829,0.08145072658444241,0.042425288348146184,0.05410995810954122,-0.00597968937728377,-0.022029303703204883,0.010981895838418021,-0.025500590662528633,-0.014577310204869631
2022-09-01,0.061655198875771644,0.0664074072909222,0.050103688293944515,0.05816521128174257,0.07721704100215199,0.07964514214101959,0.004476225821889113,-0.010880661248642176,-0.00328730796752541,0.014658094400950006,0.016945184542305425
2022-10-01,0.0634735010869345,0.07045557344029096,0.058112344857429665,0.052999762864595734,0.05979687760146524,0.03126431866084256,0.006565346805745831,-0.0050411751905669044,-0.0098486123176873,-0.0034571839182748754,-0.030286774793327864
2022-11-01,0.049161470818679165,0.06706356941736624,0.06512246076552963,0.07346019592388253,0.05711178247734128,0.06436516046859486,0.017063244406714473,0.015213091969909831,0.023160138625985427,0.007577776996002594,0.014491277151125193
2022-12-01,0.051246077588670946,0.06892919867931613,0.06534962121889909,0.045398283928084426,0.0917737436554027,0.005398861786355402,0.016821105417302862,0.01341602497350447,-0.0055627257834817145,0.038552025953517255,-0.04361225861358653
2023-01-01,0.060278735663842564,0.06802664655725299,0.06722985910499979,0.045905159438903276,0.03901407270899648,0.06734482042765211,0.007307428351432055,0.006555939685808365,-0.013556412801148943,-0.020055728969733844,0.006664365252393223
2023-02-01,0.0662772168092709,0.06835077949322099,0.06778141995978282,0.06901580053148115,0.038466189660385064,0.07087563698603483,0.0019446750350298192,0.0014107055152252634,0.0025683599715327077,-0.0260823608630667,0.004312593483450922
2023-03-01,0.07675239849783555,0.06860489610384035,0.06725611766130335,0.07876623201802002,0.16311003716750605,0.06074805962197427,-0.007566737167580717,-0.00881937281939682,0.0018702846847558074,0.08020194688226101,-0.014863527490803552
2023-04-01,0.08402689883670966,0.06956931794320687,0.06773763522385612,0.06862272061759622,0.04074923866338498,0.04847952148303736,-0.013336920798752816,-0.01502662307580549,-0.0142101438955472,-0.039923050082767086,-0.032791969822722034
2023-05-01,0.07772752965890595,0.08071196064051778,0.06824564488011475,0.08148251944230367,0.08472891397237414,0.031932150983658314,0.002769188778685372,-0.008798035234185875,0.0034841735782569216,0.006496432651844852,-0.04249253861942415
2023-06-01,0.05950831980500615,0.08960676670926793,0.07036779371794766,0.05703838069735978,0.06016643509622499,0.07494935854152596,0.028407938231010066,0.010249540952108838,-0.0023312125648063953,0.0006211516029812625,0.014573777711685665
2023-07-01,0.06344850862315798,0.0879559101012386,0.07157098147083318,0.10781896927435164,0.13316230855565392,0.07010639133165819,0.023045216838763816,0.007637861900987808,0.04172318668126196,0.06555446678161614,0.006260653576090958
2023-08-01,0.12441637728689958,0.09338157125222901,0.07554108368091095,0.08338404607790717,0.06012882110845208,0.08539773092056402,-0.027600812885307136,-0.04346725518523631,-0.036492114520778496,-0.05717415494566769,-0.03470124337790559
2023-09-01,0.12749750132466953,0.0838615508448739,0.07888836957507839,0.13226966853148436,0.10951399970985065,0.07453820283584878,-0.038701593953448965,-0.043112407515299545,0.004232530184065331,-0.01594992591441713,-0.04697065707604686
2023-10-01,0.08301739380410011,0.09931065262874172,0.0831776476265087,0.08730795057076146,0.09145017965763058,0.04907087753513206,0.01504431869502243,0.00014796975868103246,0.003961669305781568,0.007786380811401594,-0.0313443869536858
2023-11-01,0.1281069017691574,0.11762354510196382,0.09226212626111008,0.09942806052142816,0.07835845928254481,0.083438903173092,-0.009292875214886975,-0.031774271970000045,-0.025422095373012543,-0.04409904984057311,-0.03959553702403085
2023-12-01,0.2546567498423684,0.1213452175542411,0.10391349069274969,0.11038125379891417,0.05496058373401347,0.07632114243015486,-0.10625338946678142,-0.12014701165761688,-0.11499200563148493,-0.15916398340298588,-0.14213896146066973
2024-01-01,0.20614225288961063,0.11870398081742173,0.10448336772162037,0.19986258291271386,0.12082038062021372,0.11237746279690164,-0.07249416216263793,-0.08428432460967306,-0.005206409079735241,-0.07073947709317652,-0.0777394124681996
2024-02-01,0.1324067605352477,0.10967960758194639,0.10572360590617702,0.14068615729262368,0.15107202585639934,0.05718099707016022,-0.020069778586061293,-0.02356322441633829,0.0073113275599507865,0.01648282752420971,-0.06642998442497017
2024-03-01,0.11009700156540236,0.1084260010408471,0.10717376354559804,0.09986980818774094,0.11024444712896231,0.09746258376971939,-0.0015052743338634933,-0.002633317643126798,-0.009212882624887286,0.00013282223386967829,-0.011381363770793462
2024-04-01,0.08831920760605083,0.08689528585115158,0.10506258160344317,0.11965171072529346,0.07515975638805017,0.07772000079692387,-0.0013083677518027637,0.015384616829672959,0.028789809919981035,-0.01209153631216997,-0.00973906068647068
2024-05-01,0.04176044874821416,0.058668034924254764,0.10016663563875938,0.07676835550777228,0.08255312398285586,0.11807224461123211,0.016229821545209244,0.05606489184795449,0.03360456504335896,0.03915744284941747,0.07325272902682634
2024-06-01,0.04577349885572235,0.054014181332150635,0.08707347212430827,0.0669185037879576,0.03944020677684312,0.09213223987698638,0.007879987861085791,0.039492273722537385,0.020219488211713044,-0.006056083928125067,0.04432961924545742
2024-07-01,0.04030933695146399,0.053305279775686776,0.074139804544602,0.06272908770452168,0.06719510742612411,0.15076850874105352,0.012492383142793217,0.03251962314620305,0.021551042518523245,0.0258440153516708,0.10617916024216467
2024-08-01,0.04172273279372529,0.05741812876606378,0.08199734267305314,0.05037811102264267,0.04653302751666666,0.10576290585697001,0.015066769187465079,0.03866154458520654,0.008308715895740448,0.004617634396862025,0.06147525732831016
2024-09-01,0.034692081048066425,0.057930070499137676,0.08253853111874587,0.03766562219450931,0.039197080133109186,0.10354694308531975,0.02245884536734155,0.04624221152075947,0.0028738416007116907,0.004353951448511584,0.06654623467061671
2024-10-01,0.026917380413114644,0.05953686545594761,0.0819884729105631,0.03951166716882448,0.04339212076660326,0.07659466656604264,0.03176446875376726,0.053627578564591216,0.012264167493828415,0.0160429073143753,0.048375153737239884
2024-11-01,0.02426556075508368,0.0598845906283727,0.07633504359694321,0.03279914893203584,0.027233933223872908,0.08145985840034431,0.034775190378392606,0.05083592071910936,0.008331421560890062,0.00289804966848739,0.05583932510929812
2024-12-01,0.02704104051463374,0.059606401666985276,0.07554108368091095,0.027928940647473643,0.01719913242276805,0.06836059577659781,0.03170794531836196,0.04722308189551483,0.0008645225437096116,-0.00958277975623456,0.040231649595287466
2025-01-01,0.022110480136651844,0.060232426114175563,0.07131618305874765,0.023004757133030518,0.009251361963378724,0.08576090348079313,0.037297285096252075,0.048141276191119076,0.0008749318334542178,-0.0125809473859948,0.06227352578914114
2025-02-01,0.02401627430751785,0.05851171858592008,0.0716588565743339,0.023083804213319903,0.044671747356239466,0.07928427027059382,0.033686421928918575,0.0465252198252748,-0.0009106008542965061,0.020171039823258408,0.05397179454052181
2025-03-01,0.03729335306612169,0.05815574798846912,0.07201042665413149,0.021627395575426256,0.032782614082331074,0.05105480472845425,0.020112338385935402,0.03346890586485496,-0.015102726190608151,-0.004348566363080786,0.013266692225160082
2025-04-01,0.027808358448509596,0.059971539156624676,0.07138646642559277,0.025306181834780173,0.02269026604875002,0.07684079785792952,0.03129297445748147,0.04239905972633351,-0.002434477782907396,-0.004979617413780724,0.04770581889744019
2025-05-01,0.015011086343823088,0.061468133512144085,0.07227417737798225,0.019760849755493526,0.03275758866887579,0.05563143277242277,0.04576998989800618,0.056416222250760706,0.0046795187516419645,0.01748404777427348,0.04001960862803822
2025-06-01,0.016189248819933333,0.06207779724388196,0.07356746292892247,0.01733017371101475,0.012827729274782262,0.0889465636568485,0.04515748270042952,0.05646410270096891,0.0011227484372682284,-0.0033079660595255467,0.07159819386143451
2025-07-01,0.01901683755331285,0.059163183890855287,0.07292503072400836,0.021723154825922464,0.022805718498045024,0.035760525848285596,0.03939713737599759,0.05290216136185788,0.0026558121248589917,0.003718173051810769,0.0164312184822919
2025-08-01,0.018757935113502766,0.06262678400379906,0.07364669264262558,0.0224346732711993,0.027924322650964672,0.060364688173636605,0.04306111135753632,0.05387811533758269,0.003609040019194376,0.008997610935359779,0.040840666488156874
2025-09-01,0.020759603239513646,0.06959563213974329,0.07191373376938759,0.013730529375065803,0.01139238719372071,0.057275032997748276,0.04784283071669582,0.05011378817062284,-0.006886120730228873,-0.009176711163005336,0.03577280061078847
2025-10-01,0.023419431023919524,0.07099996305862355,0.07189615415069839,0.020794235712747966,0.018892855702751676,0.04240301282310188,0.04649172234994614,0.04736740544224216,-0.0025651216222708495,-0.00442299137963309,0.018549170773696888
2025-11-01,0.02472919671078566,0.06611881953562726,0.07436882376902498,0.021283669370595337,0.011501181169479402,0.01685010672947551,0.04039079100868359,0.04844170266405445,-0.0033623784227578835,-0.012908791497076577,-0.007688948462287182
2025-12-01,0.028452719345717137,0.059971539156624676,0.082449793772992,0.025304032222799755,0.009852046252099234,0.001378693981896717,0.030646834043045912,0.052503215180982554,-0.003061576933668375,-0.01808607507543114,-0.026325007318804494
2026-01-01,0.02881619353661713,0.0579995047706372,0.07698827948703713,0.021322118232436793,0.018102190651175354,0.04365503539426063,0.028365913578499047,0.04682283021306799,-0.007284173160629459,-0.010413913537472341,0.01442321957106274
2026-02-01,0.02896319072672693,0.058885177969076885,0.07569101050498972,0.015575955401822217,0.023293868655658967,0.04624843938171885,0.029079745040458516,0.0454125280664901,-0.013010412272813854,-0.005509742352458602,0.016798704570553102
2026-03-01,0.0338262219244152,0.05865066534032337,0.0750209060990501,0.020584197385343117,0.050477585383226886,0.047154598610907206,0.024012201363686314,0.039846816903089444,-0.0128087528234897,0.016106540060297547,0.012892279576428134
2026-04-01,0.025821795615674548,0.0573313827184212,0.07203679890416814,0.040003446932901365,0.023299606635322823,0.046871627931367454,0.03071643363147225,0.04505168781362889,0.013824673425578027,-0.0024587009080246913,0.020519969848232122
2026-05-01,0.021499723349908573,0.05677637088775023,0.07423669153345003,0.02000553108653569,0.015009081292537418,0.034945283600493315,0.03453417238543666,0.05162700192477354,-0.0014627436789437231,-0.006354032124537223,0.013162568665697982
2026-06-01,0.018868714688293764,0.05628230058926942,0.07109657626247001,0.019356798933202857,0.03423721036935068,0.044348428267725115,0.03672071323970494,0.05126063919840207,0.0004790452762684083,0.015083882211221589,0.025007847637393166
2026-07-01,0.021137724267861868,0.05549398446001019,0.07022736063505586,0.022515296533337947,0.029718280938269226,0.038860893296090326,0.033645079772937736,0.048073472559629904,0.0013490562856874888,0.008402937690466183,0.01735629642018721
