indice_tiempo,detalle_prestamos_sect_priv_pesos_consumo_personales
2003-01-01,2607.8064516129034
2003-02-01,2514.035714285714
2003-03-01,2308.870967741936
2003-04-01,2230.0
2003-05-01,2137.0967741935483
2003-06-01,2080.133333333333
2003-07-01,2031.967741935484
2003-08-01,2045.903225806452
2003-09-01,2094.7
2003-10-01,2156.6129032258063
2003-11-01,2269.4
2003-12-01,2336.548387096774
2004-01-01,2528.709677419354
2004-02-01,2514.3793103448274
2004-03-01,2579.1612903225805
2004-04-01,2690.0
2004-05-01,2778.935483870968
2004-06-01,2871.4333333333334
2004-07-01,2990.8387096774195
2004-08-01,3161.1290322580644
2004-09-01,3430.0666666666666
2004-10-01,3752.129032258064
2004-11-01,4030.3333333333335
2004-12-01,4183.5161290322585
2005-01-01,4451.129032258064
2005-02-01,4603.892857142857
2005-03-01,4801.967741935484
2005-04-01,5063.566666666667
2005-05-01,5356.548387096775
2005-06-01,5429.166666666667
2005-07-01,5654.774193548387
2005-08-01,5922.870967741936
2005-09-01,6260.266666666666
2005-10-01,6491.290322580645
2005-11-01,6844.633333333333
2005-12-01,7149.1612903225805
2006-01-01,7594.580645161291
2006-02-01,7855.321428571428
2006-03-01,8192.483870967742
2006-04-01,8593.766666666666
2006-05-01,8971.709677419354
2006-06-01,9384.966666666667
2006-07-01,9857.193548387097
2006-08-01,10507.612903225809
2006-09-01,11101.766666666666
2006-10-01,11781.129032258064
2006-11-01,12522.233333333334
2006-12-01,13009.32258064516
2007-01-01,13537.612903225809
2007-02-01,14139.142857142857
2007-03-01,14667.741935483871
2007-04-01,15119.533333333333
2007-05-01,15518.741935483871
2007-06-01,16234.666666666666
2007-07-01,16883.935483870966
2007-08-01,17747.58064516129
2007-09-01,18693.466666666667
2007-10-01,19526.74193548387
2007-11-01,20369.6
2007-12-01,21044.612903225807
2008-01-01,21772.451612903227
2008-02-01,22603.655172413797
2008-03-01,23311.8064516129
2008-04-01,24085.2
2008-05-01,25141.58064516129
2008-06-01,25666.4
2008-07-01,26046.25806451613
2008-08-01,26358.09677419355
2008-09-01,26767.83333333333
2008-10-01,27253.35483870968
2008-11-01,27617.1
2008-12-01,27668.451612903227
2009-01-01,27610.225806451614
2009-02-01,27620.25
2009-03-01,27658.774193548383
2009-04-01,27867.066666666666
2009-05-01,27964.129032258064
2009-06-01,27945.066666666666
2009-07-01,27833.129032258064
2009-08-01,28069.74193548387
2009-09-01,28532.533333333333
2009-10-01,29079.064516129038
2009-11-01,29604.166666666668
2009-12-01,30054.83870967742
2010-01-01,30450.41935483871
2010-02-01,30894.714285714286
2010-03-01,31313.41935483871
2010-04-01,32011.3
2010-05-01,32693.225806451614
2010-06-01,33100.5
2010-07-01,33585.06451612903
2010-08-01,34357.58064516129
2010-09-01,35515.066666666666
2010-10-01,36848.8064516129
2010-11-01,38130.63333333333
2010-12-01,39359.77419354839
2011-01-01,40576.6129032258
2011-02-01,41784.57142857143
2011-03-01,42755.41935483871
2011-04-01,44321.76666666667
2011-05-01,45824.45161290323
2011-06-01,47344.76666666667
2011-07-01,48649.967741935485
2011-08-01,50450.77419354839
2011-09-01,52845.46666666667
2011-10-01,55130.12903225807
2011-11-01,57168.6
2011-12-01,58115.3870967742
2012-01-01,58868.25806451613
2012-02-01,59918.206896551725
2012-03-01,61227.645161290326
2012-04-01,62540.86666666667
2012-05-01,63861.93548387097
2012-06-01,65348.16666666666
2012-07-01,66131.54838709677
2012-08-01,67895.29032258065
2012-09-01,69628.53333333334
2012-10-01,71332.93548387097
2012-11-01,73298.6
2012-12-01,75068.64516129032
2013-01-01,75876.54838709677
2013-02-01,77921.71428571429
2013-03-01,79808.93548387097
2013-04-01,81755.76666666666
2013-05-01,83835.54838709677
2013-06-01,85735.03333333334
2013-07-01,86682.16129032258
2013-08-01,88694.74193548386
2013-09-01,91141.56666666668
2013-10-01,94160.83870967742
2013-11-01,96570.96666666666
2013-12-01,98468.06451612904
2014-01-01,99683.35483870968
2014-02-01,101101.71428571428
2014-03-01,101366.93548387096
2014-04-01,101935.83333333331
2014-05-01,102777.96774193548
2014-06-01,103855.06666666668
2014-07-01,104121.12903225806
2014-08-01,106000.2258064516
2014-09-01,108648.56666666668
2014-10-01,111968.7741935484
2014-11-01,114848.53333333334
2014-12-01,117247.45161290324
2015-01-01,118895.3870967742
2015-02-01,121539.89285714286
2015-03-01,124381.12903225806
2015-04-01,127466.33333333331
2015-05-01,131042.6129032258
2015-06-01,134107.93333333332
2015-07-01,137059.90322580645
2015-08-01,141397.32258064515
2015-09-01,146768.4
2015-10-01,152243.51612903227
2015-11-01,157013.36666666667
2015-12-01,160767.90322580645
2016-01-01,162166.35483870967
2016-02-01,164941.5172413793
2016-03-01,168618.29032258064
2016-04-01,172049.43333333332
2016-05-01,175620.25806451612
2016-06-01,178761.56666666668
2016-07-01,181864.35483870967
2016-08-01,187349.29032258064
2016-09-01,194175.13333333333
2016-10-01,201786.67741935485
2016-11-01,210305.9333333333
2016-12-01,217672.7741935484
2017-01-01,225583.32258064515
2017-02-01,234249.746
2017-03-01,243788.344
2017-04-01,254624.815
2017-05-01,264586.544
2017-06-01,273815.338
2017-07-01,281458.427
2017-08-01,292189.116
2017-09-01,305038.818
2017-10-01,319818.97
2017-11-01,334657.236
2017-12-01,347637.871
2018-01-01,357805.742
2018-02-01,368664.7142857143
2018-03-01,380770.48387096776
2018-04-01,390935.8
2018-05-01,401167.6774193549
2018-06-01,407585.1
2018-07-01,409800.4193548387
2018-08-01,415595.3870967742
2018-09-01,420877.5333333333
2018-10-01,422273.2580645161
2018-11-01,422568.9
2018-12-01,420878.0
2019-01-01,418215.4193548387
2019-02-01,420218.03571428574
2019-03-01,421758.0322580645
2019-04-01,423502.4666666667
2019-05-01,423189.7419354839
2019-06-01,419915.3
2019-07-01,415591.3548387097
2019-08-01,411764.6774193549
2019-09-01,408459.7
2019-10-01,405856.2580645161
2019-11-01,404571.3666666666
2019-12-01,401920.1612903226
2020-01-01,401019.4516129032
2020-02-01,403817.9310344828
2020-03-01,408095.5806451613
2020-04-01,405326.5333333333
2020-05-01,400033.064516129
2020-06-01,399623.1
2020-07-01,399847.5806451613
2020-08-01,403692.5161290322
2020-09-01,411232.7
2020-10-01,421617.6451612903
2020-11-01,433046.3333333333
2020-12-01,443157.9032258064
2021-01-01,450267.5161290322
2021-02-01,463706.7142857143
2021-03-01,480244.1612903226
2021-04-01,497919.0
2021-05-01,511261.5806451613
2021-06-01,520757.0
2021-07-01,529420.3225806452
2021-08-01,546543.1935483871
2021-09-01,570476.0666666667
2021-10-01,599772.8064516129
2021-11-01,636473.0666666667
2021-12-01,665922.6129032258
2022-01-01,685596.4516129033
2022-02-01,713218.3928571428
2022-03-01,743010.1612903225
2022-04-01,777059.5
2022-05-01,806727.9354838709
2022-06-01,834848.3666666667
2022-07-01,863527.0
2022-08-01,900838.870967742
2022-09-01,932531.4333333332
2022-10-01,971300.7096774194
2022-11-01,1014111.2
2022-12-01,1050185.774193548
2023-01-01,1092042.709677419
2023-02-01,1153215.035714286
2023-03-01,1217535.838709677
2023-04-01,1295501.333333333
2023-05-01,1365576.774193548
2023-06-01,1397749.3
2023-07-01,1425266.612903226
2023-08-01,1496363.806451613
2023-09-01,1595832.833333333
2023-10-01,1754045.419354839
2023-11-01,1852910.633333333
2023-12-01,1927075.161290323
2024-01-01,2018060.322580645
2024-02-01,2190094.034482758
2024-03-01,2398903.870967742
2024-04-01,2658172.366666667
2024-05-01,3133557.387096774
2024-06-01,3797480.333333333
2024-07-01,4519204.096774193
2024-08-01,5538340.70967742
2024-09-01,6574619.766666667
2024-10-01,7626538.774193549
2024-11-01,8661767.2
2024-12-01,9678491.806451611
2025-01-01,10707866.4516129
2025-02-01,11974733.0
2025-03-01,13080097.61290323
2025-04-01,14300426.33333333
2025-05-01,15288595.19354839
2025-06-01,16052913.96666667
2025-07-01,16604735.83870968
2025-08-01,17026015.0
2025-09-01,17735022.0
2025-10-01,18093670.0
2025-11-01,18644230.6
2025-12-01,18792253.0
2026-01-01,19312192.87096774
2026-02-01,19800643.82142857
2026-03-01,20209636.77419355
2026-04-01,20540710.0
2026-05-01,20907517.80645161
2026-06-01,20975637.0
2026-07-01,21090691.0
2026-08-01,21610114.77419355
