indice_tiempo,tasas_interes_cajas_ahorro,tasas_interes_plazo_fijo_30_59_dias,tasas_interes_plazo_fijo_mas_60_dias,tasas_interes_call,tasas_interes_prime,tasas_interes_adelantos_cc,tasas_interes_badlar,instr_bcra_pases_pesos_pasivos_1_dia,instr_bcra_pases_pesos_pasivos_7_dias,instr_bcra_pases_pesos_activos_1_dias,instr_bcra_pases_pesos_activos_7_dias,instr_bcra_tasa_politica_monetaria,instr_bcra_lebac_pesos_1_m,instr_bcra_lebac_pesos_2_m,instr_bcra_lebac_pesos_3_m,instr_bcra_lebac_pesos_4_m,instr_bcra_lebac_pesos_5_m,instr_bcra_lebac_pesos_6_m,instr_bcra_lebac_pesos_7_m,instr_bcra_lebac_pesos_8_m,instr_bcra_lebac_pesos_9_m,instr_bcra_lebac_pesos_10_m,tasas_interes_activas_adelantos,tasas_interes_activas_documentos,tasas_interes_activas_hipotecarios,tasas_interes_activas_prendarios,tasas_interes_activas_personales,tasas_interes_activas_tarjetas
1996-01-01,3.6264372756206904,8.615811887716857,9.549221059072348,5.73,11.541383399209487,,,,,,,,,,,,,,,,,,,,,,,
1996-02-01,3.554812182053123,7.621401784811485,8.390582911698594,5.64,10.648178053830227,,,,,,,,,,,,,,,,,,,,,,,
1996-03-01,3.4694208781345584,7.274121728813776,8.116158378146862,5.48,10.228737060041407,,,,,,,,,,,,,,,,,,,,,,,
1996-04-01,3.465388580919313,7.106231385485606,7.870444168433658,5.43,9.986252723311546,,,,,,,,,,,,,,,,,,,,,,,
1996-05-01,3.4574429858043336,6.662615344190191,7.440791752815414,5.32,9.735612648221345,,,,,,,,,,,,,,,,,,,,,,,
1996-06-01,3.401340695147067,6.547124477088925,7.272777177497329,5.69,9.697874396135266,,,,,,,,,,,,,,,,,,,,,,,
1996-07-01,3.397603696430067,6.6651546638317045,7.487751863045684,6.62,9.97513833992095,,,,,,,,,,,,,,,,,,,,,,,
1996-08-01,3.3868092204495897,7.445928471775196,8.003850220551978,8.52,11.30120082815735,,,,,,,,,,,,,,,,,,,,,,,
1996-09-01,3.435238440588317,7.763739161531793,8.341351852966756,6.82,11.463498964803312,,,,,,,,,,,,,,,,,,,,,,,
1996-10-01,3.450676247135968,7.441919765442379,8.093432403479266,6.8,10.588638941398866,,,,,,,,,,,,,,,,,,,,,,,
1996-11-01,3.4502279359840893,7.530480396956599,8.095942960419348,6.3,10.473022774327122,,,,,,,,,,,,,,,,,,,,,,,
1996-12-01,3.54017208535397,7.59668891010512,8.144961630826836,6.68,10.4765,,,,,,,,,,,,,,,,,,,,,,,
1997-01-01,3.453616070014305,7.332479251734833,7.781171474771086,5.8,10.146739130434783,,,,,,,,,,,,,,,,,,,,,,,
1997-02-01,3.4176823307655173,6.915462160889641,7.580323762742919,5.98,9.557934782608696,,,,,,,,,,,,,,,,,,,,,,,
1997-03-01,3.3554210522493086,6.772887431980048,7.2365437289853185,5.95,8.737911832946637,,,,,,,,,,,,,,,,,,,,,,,
1997-04-01,3.314675417004069,6.666888320290596,7.241320756981309,5.76,8.02220041322314,,,,,,,,,,,,,,,,,,,,,,,
1997-05-01,3.296963988453536,6.494718991622694,7.214532540394714,6.07,7.918246753246753,,,,,,,,,,,,,,,,,,,,,,,
1997-06-01,3.295754878443594,6.431307055201261,7.016416475195579,5.62,7.773373205741627,,,,,,,,,,,,,,,,,,,,,,,
1997-07-01,3.2806617506463445,6.4150651682787565,6.9919410165268125,6.03,7.659132231404959,,,,,,,,,,,,,,,,,,,,,,,
1997-08-01,3.284390655690219,6.378359043962588,6.982388530250713,6.7,7.825727272727272,,,,,,,,,,,,,,,,,,,,,,,
1997-09-01,3.237611482178176,6.432636940794373,6.979813545354935,6.51,7.794132231404959,,,,,,,,,,,,,,,,,,,,,,,
1997-10-01,3.221561430360447,6.703925684092534,7.225372926338775,8.28,8.66903162055336,,,,,,,,,,,,,,,,,,,,,,,
1997-11-01,3.3161086063868725,8.775869161027597,9.08899772309383,8.64,14.163431818181818,,,,,,,,,,,,,,,,,,,,,,,
1997-12-01,3.3750118327699883,8.283536090707106,8.595798682895564,8.47,12.636431818181817,,,,,,,,,,,,,,,,,,,,,,,
1998-01-01,3.165028886338557,7.710087208363066,8.341908941571218,6.54,11.436774891774892,,,,,,,,,,,,,,,,,,,,,,,
1998-02-01,3.100349082462463,6.807934617418001,7.421991755641879,7.04,9.779409090909091,,,,,,,,,,,,,,,,,,,,,,,
1998-03-01,3.072290228057363,6.756438413672296,7.332151667380107,6.59,9.043213483146067,,,,,,,,,,,,,,,,,,,,,,,
1998-04-01,3.0452541647289495,6.687877983636033,7.201457933196745,6.19,8.43163888888889,,,,,,,,,,,,,,,,,,,,,,,
1998-05-01,3.033025033100925,6.6830910116786635,7.273639653929645,6.2,8.383888888888889,,,,,,,,,,,,,,,,,,,,,,,
1998-06-01,2.9671337220996974,6.633780681355907,7.02997090975925,5.79,8.303119777158775,,,,,,,,,,,,,,,,,,,,,,,
1998-07-01,2.968413348272043,6.714727516913579,7.258439149541921,6.15,8.024010695187165,,,,,,,,,,,,,,,,,,,,,,,
1998-08-01,2.973628939524791,7.229931920195235,7.630188999359882,7.36,9.530396341463415,,,,,,,,,,,,,,,,,,,,,,,
1998-09-01,2.9631923204773054,10.342609491212523,9.643403486470232,8.21,16.943636363636365,,,,,,,,,,,,,,,,,,,,,,,
1998-10-01,2.960131079714073,9.163838889379178,9.897489241336295,7.02,15.392470238095239,,,,,,,,,,,,,,,,,,,,,,,
1998-11-01,2.941508026352615,7.974690097429859,8.138123200527941,7.69,11.55360119047619,,,,,,,,,,,,,,,,,,,,,,,
1998-12-01,2.9279222507593214,8.052714913667668,8.187790136071824,7.14,10.8214375,,,,,,,,,,,,,,,,,,,,,,,
1999-01-01,2.9232879386070043,9.184816569493446,8.576956299755077,7.82,13.671140625,,10.955458303716144,,,,,,,,,,,,,,,,,,,,,
1999-02-01,2.925471272470268,8.309844386051653,9.202534339647226,6.47,12.96428125,,8.924340469942232,,,,,,,,,,,,,,,,,,,,,
1999-03-01,2.9072668434676623,6.84368290906181,8.274631524465052,6.17,9.442282608695653,,6.74660964111673,,,,,,,,,,,,,,,,,,,,,
1999-04-01,2.9421559061426446,6.082812435349161,7.295248117675608,5.2,8.16221875,,5.871501723485598,,,,,,,,,,,,,,,,,,,,,
1999-05-01,2.8185248139498724,6.294578747390865,7.848071631197668,6.38,8.263,,6.529904847188038,,,,,,,,,,,,,,,,,,,,,
1999-06-01,2.806567161580105,7.459843745892256,9.981671386467005,6.9,10.1470625,,8.063068713783244,,,,,,,,,,,,,,,,,,,,,
1999-07-01,2.7180733719920225,7.659502485297877,10.757071138517206,5.84,10.310386904761904,,8.20639760385245,,,,,,,,,,,,,,,,,,,,,
1999-08-01,2.8436329470221415,7.640446509910401,9.790363919530757,5.88,10.033452380952381,,8.081183738393161,,,,,,,,,,,,,,,,,,,,,
1999-09-01,2.8229686837559402,8.043365225688428,10.115959086886873,7.74,10.45815340909091,,8.863055815810734,,,,,,,,,,,,,,,,,,,,,
1999-10-01,2.8200407923204303,9.364758171715774,10.636345795186042,9.16,12.58575,,10.810607725363806,,,,,,,,,,,,,,,,,,,,,
1999-11-01,2.779415381522037,9.424236575461945,9.859508371425932,8.11,13.004715909090908,,10.462764662772795,,,,,,,,,,,,,,,,,,,,,
1999-12-01,3.1270884977246736,10.280934790412726,10.58330657858788,8.59,13.447994011976048,,11.936295508749154,,,,,,,,,,,,,,,,,,,,,
2000-01-01,2.9366369635856757,7.861876777233739,9.097231068481069,7.18,11.223839285714286,,8.240247964760934,,,,,,,,,,,,,,,,,,,,,
2000-02-01,2.962181420833442,8.243697840888071,8.465646771617795,7.83,10.79610119047619,,8.86836066099057,,,,,,,,,,,,,,,,,,,,,
2000-03-01,2.938538614277886,7.286366086804101,8.191653843024296,6.38,9.795605633802817,,7.574417045070926,,,,,,,,,,,,,,,,,,,,,
2000-04-01,2.8968333125729107,7.218991196866548,8.564331505872271,6.7,9.195185185185185,,7.515989665163759,,,,,,,,,,,,,,,,,,,,,
2000-05-01,2.8634412461174126,8.05368451506286,9.739265277790427,7.17,10.106571428571428,,8.687761397731087,,,,,,,,,,,,,,,,,,,,,
2000-06-01,2.840603524552519,7.618631433663483,9.028699835003978,7.18,9.940380952380952,,8.050149999390555,,,,,,,,,,,,,,,,,,,,,
2000-07-01,2.7603685835466454,7.345645454668411,8.37145504541859,7.04,9.603301587301587,,7.752949422568201,,,,,,,,,,,,,,,,,,,,,
2000-08-01,2.7168061315297005,7.245292989015191,8.435078513554739,7.19,9.391591591591592,,7.657415592921713,,,,,,,,,,,,,,,,,,,,,
2000-09-01,2.677496219828174,7.8638486087373805,8.80328499463713,8.25,9.9803785488959,,8.347165058926882,,,,,,,,,,,,,,,,,,,,,
2000-10-01,2.641724061361854,8.439646898063371,9.535291699993689,8.95,10.823745819397994,,9.327639736581297,,,,,,,,,,,,,,,,,,,,,
2000-11-01,2.767106999628879,10.618139315551335,11.97452118748245,11.11,15.313864406779661,,12.811896712895418,,,,,,,,,,,,,,,,,,,,,
2000-12-01,2.7739223633943992,12.258718896215267,12.192458335648917,13.4,16.85564705882353,,14.572074679547748,,,,,,,,,,,,,,,,,,,,,
2001-01-01,2.5867760106718216,8.658241777359564,8.982946262619508,7.24,11.646655948553054,,9.015043272978915,,,,,,,,,,,,,,,,,,,,,
2001-02-01,2.6476398846138083,6.563116879920524,8.602625246860404,5.8,8.981418439716313,,6.454473696733208,,,,,,,,,,,,,,,,,,,,,
2001-03-01,2.8427282596756513,10.81396139862277,13.366056232106281,22.48,17.286148867313916,,16.33718918502652,,,,,,,,,,,,,,,,,,,,,
2001-04-01,2.812991916273191,13.720464919924098,13.594461922883177,14.34,23.826039215686276,,18.11095034262979,,,,,,,,,,,,,,,,,,,,,
2001-05-01,2.7028879356071998,13.568427417379672,13.402285594489785,9.32,22.360474576271187,,16.79286901941223,,,,,,,,,,,,,,,,,,,,,
2001-06-01,2.6723402857135237,10.960481898378752,11.880584960187807,8.34,16.831737588652484,,12.586320943046761,,,,,,,,,,,,,,,,,,,,,
2001-07-01,3.816441921249149,21.216836204916643,21.23197839265157,48.1,36.17748299319728,,32.8711179432024,,,,,,,,,,,,,,,,,,,,,
2001-08-01,3.7787092668498254,25.82244949319461,28.04536480261169,20.63,38.57422077922078,,34.89799872861522,,,,,,,,,,,,,,,,,,,,,
2001-09-01,2.995984473912933,21.561875489411072,24.655814523139085,11.67,32.910938628158846,,26.981462781270388,,,,,,,,,,,,,,,,,,,,,
2001-10-01,3.4668861839976226,21.718213211765846,26.53712395483148,20.14,32.62478964401294,,27.723723886005224,,,,,,,,,,,,,,,,,,,,,
2001-11-01,5.172301665989501,31.936568312253524,27.899539573666186,80.61,49.964,,46.52239911023147,,,,,,,,,,,,,,,,,,,,,
2001-12-01,2.0669541382041707,7.422532916301948,8.049727642276423,,,,8.856403297752742,,,,,,,,,,,,,,,,,,,,,
2002-01-01,1.5943616608735272,5.526366848975589,5.868268894986281,39.02,29.52722222222222,,5.720653256423281,,,,,,,,,,,,,,,,40.271677197517825,24.132259635642587,11.615468553098868,20.360358374568904,34.11555647070935,38.91416423308662
2002-02-01,1.4485034389464606,7.60682208934562,10.427865973881376,30.7,31.915505617977526,,14.238083907851776,,,,,,,,,,,,,,,,40.21225108788201,18.85442209753856,12.620901414397299,22.369959608709372,36.351251145851414,38.09796802928334
2002-03-01,1.9161999121473723,15.04858573512476,12.687414219474498,37.32,,,23.49975155419188,,,,,,,,,,,,,,,,44.728531565310206,33.19916641956159,14.29509323064451,20.90419581422018,36.33541585643647,38.399658612695674
2002-04-01,4.449825654978682,45.99900428533769,34.70322411533421,91.14,,,79.45915727784018,,,,,,,,,,,,,,,,68.61238393564072,71.70571292071759,37.22067618002196,20.487158437605682,35.38428523838451,41.324348005636544
2002-05-01,9.600890679232881,64.57505507327784,59.94742986003111,67.57,,,119.97967039568303,,,,,,,,,,,,,,,,72.60764987403094,49.68747850649262,30.562749125753776,22.033582534399677,34.61381395974759,44.385497561359095
2002-06-01,10.948422619639063,72.16562620011072,57.39200818073404,44.73,,,108.90192021212167,,,,,,,,,,,,,,,,77.56425604593544,45.24341070316051,25.419567562218592,19.49456206062003,34.85182624973999,53.82453504531607
2002-07-01,14.905897083227131,76.7011460793297,60.51890245065319,67.54,,,104.90549295347435,,,,,,,,,,,,,,,,80.256816965682,44.622000694987406,50.760546796038,17.9243050141148,35.53687685207676,57.13305195007337
2002-08-01,13.990595280646467,65.04647934352693,60.91785245820311,56.51,102.38230158730158,,73.81573522910732,,,,,,,,,,,,,,,,75.3997431489034,55.42764242670498,50.925536767070426,14.204863890805917,38.870175178087685,55.982094727522465
2002-09-01,7.724111143491054,44.46476429051187,55.47395351171358,29.34,78.8291235059761,,42.39953940102389,,,,,,,,,,,,,,,,66.40391163274565,33.30719770311314,42.01270827999385,13.458034201443363,43.39347721451912,60.42331817639732
2002-10-01,4.779254830400938,34.12681219905453,45.95310421539133,19.07,55.23594696969697,,26.865043000754333,,,,,,,,,,,,,,,,57.55324069287577,37.127590863740025,31.73231593794076,19.48521694702091,51.79971720906779,59.74655888273272
2002-11-01,2.750271528287178,19.00524091095967,27.802804050726422,7.08,39.410583333333335,,13.99139586258323,,,,,,,,,,,,,,,,53.809770868077706,25.71046714552092,23.853843619176235,17.996803869982177,53.60492125643578,64.23441106404518
2002-12-01,2.1799913405176357,20.715446754542576,28.816068867287168,6.3,33.47765873015873,,19.159431315101667,,,,,,,,,,,,,,,,45.952625481257535,26.64474623004139,21.89712151642088,20.836842739648322,53.84769329830525,63.72767014262141
2003-01-01,1.9174051546438686,17.025683731980493,23.239152763741934,5.62,27.4925,,14.638708413912804,,,,,,,,,,,,,,,,48.74691909439758,23.989371895672317,21.732532439932992,31.45687275628241,56.582452276990495,63.916797561511785
2003-02-01,1.862997804363713,17.54656455829078,24.663359011071947,6.72,27.43,,16.69316271595229,,,,,,,,,,,,,,,,45.93063004212165,30.14468901797093,23.308453519163763,26.05490795808553,55.78149012988919,64.78294769387648
2003-03-01,1.8363141316364917,20.259230133449456,25.511229371969783,8.48,27.843208333333333,,19.766857852525927,,,,,,,,,,,,,,,,52.70049648987933,25.30803464071431,20.75409637357178,13.099764294575392,54.280442550749235,68.53421324392647
2003-04-01,1.8339807804346455,19.40184527921702,22.614952387572913,6.41,28.070916666666665,,17.000253989518967,,,,,,6.9984,8.6491,12.6839,,,20.865137500000003,,,27.469949999999997,,50.97453867071741,20.13050893613588,23.475167791115396,21.897015204054416,51.82156887669015,67.08144308807029
2003-05-01,1.7043391110889186,12.576231678479848,16.30905924434579,4.63,24.63717213114754,,10.463814981333918,,,,,,6.810271428571428,8.624016666666668,10.851742857142858,,,14.613983333333332,,,,,47.52261599860257,16.25527975759681,20.584287479043503,23.14690091149662,50.566113057944854,66.63938614404866
2003-06-01,1.423447587320929,9.644619780864097,12.084832199956969,3.88,20.3225,,9.384509808324529,,,,,,5.295000000000001,5.8613,6.833166666666667,,,12.426200000000001,,,,,42.52642304666024,18.58684562306283,16.419319573676194,20.52745522135857,47.22985511392665,63.202505836394565
2003-07-01,1.0776084814474731,5.574778397850824,8.015270230630374,2.45,16.643677685950415,,4.161707745524917,,,,,,2.6567499999999997,3.6839500000000003,4.51668888888889,,,7.84516,,,,,35.908139236549594,16.098096662500772,13.3301114580186,11.442241026030205,43.72841933212633,60.910622861427925
2003-08-01,0.8360621973504127,4.08042408402649,5.871501195209041,1.48,13.094909090909091,,2.7720874884308913,,,,,,1.2228428571428573,2.97625,4.2885,,,7.008266666666667,,,,,31.636737615650325,13.545600242263944,17.535849876220283,19.273374292420268,39.608532485418024,53.61624139570493
2003-09-01,0.851748911224802,4.078919720917851,5.834287945548081,1.55,11.956157024793388,,3.1318368596425383,,,,,,0.6697000000000001,2.4177222222222223,3.871077777777778,,,6.9189099999999994,,,,,25.81783496799092,12.25810805612384,14.637177767280741,19.12280611967115,37.37724801093376,46.38142547280172
2003-10-01,1.014093812616552,4.139863981674008,5.34755385401052,1.62,11.17702479338843,,3.2879594981026306,,,,,,0.6,2.0099666666666667,2.9799444444444445,,,5.936655555555555,,,,,24.187106736331405,13.985851863403202,16.212585235412092,18.263255280680866,35.30281878301544,36.99890117353457
2003-11-01,0.8880192679682556,4.133422712705475,5.1206541367748235,1.64,10.762631578947369,,3.49457692465005,,,,,,,,2.6483333333333334,,,5.285742857142858,,,,,23.58159067515112,10.997564577136538,14.545333432215962,16.351663484136306,41.902872932915876,32.31329859825848
2003-12-01,0.8367421892580884,3.4668240828912973,4.2624237064786925,1.6,10.324285714285715,,2.7285198008886895,,,,,,,,2.3001,,,4.384040000000001,,,,,22.56564986524676,10.85123978538464,13.66191165915156,16.153438734164222,36.456314716539616,32.72185152889199
2004-01-01,0.7654753206515291,2.6156622731956753,3.534895697838631,1.39,9.898917748917748,,1.9784363215524563,,,,,,,,1.791875,,,3.3709749999999996,,,,,20.95604537608217,11.641731728057296,13.370099609861375,16.20380101491619,36.76029608575606,31.944407965642448
2004-02-01,0.664918336713325,2.233405649327418,2.8115613366914727,1.24,9.50554054054054,,1.5109208747368275,,,,,,,,1.6375000000000002,,,3.1125,,,,,19.350670015563132,10.78906973195112,12.302110930376413,14.628687437340941,38.22086235839024,31.16525589939589
2004-03-01,0.6014111611211406,2.230075542112294,2.60117285663244,1.22,7.87084,,1.4994505050021734,,,,,,,,1.528775,,,2.9759599999999997,,,,,16.304526201763668,10.161060876351877,12.97212876201874,14.384323116691286,31.39442259706164,30.827153364260916
2004-04-01,0.5572342197721138,2.0944633375831185,2.5762744784599727,1.23,6.672736842105263,,1.621543306095157,,,,,,,,1.3224250000000002,,,2.722425,,,,,15.32568601865544,10.233793769383926,12.750979542126402,13.67069298198247,31.37109411079733,30.255503056519533
2004-05-01,0.716298356133333,2.451556458244644,2.7299838412209114,3.3,6.327029702970297,,3.520515305182779,2.83,,,,,,,1.1267333333333334,,,2.5166,,,,,15.642729116165125,10.968763130087734,12.173991765985859,13.3834,30.887024715429185,31.752570871145906
2004-06-01,0.7520830922302351,2.4435413208068217,2.7608133510147255,2.17,6.042666666666666,,2.9410044134596465,2.5166666666666666,2.511764705882353,,,,,,,,,2.8633333333333333,,,,,14.830107577496914,10.55143362409288,11.7742122342863,13.525186756019117,27.91948535486794,31.579172666099613
2004-07-01,0.7536177247833271,2.5004062323140857,3.000227764466617,1.9,5.969194312796208,,3.197818256784815,,2.5,,,,,,,,,2.689966666666667,,,,,14.37540174239105,11.518407026332651,11.00559798027312,12.948224491516239,27.820361540962395,30.985511190235446
2004-08-01,0.7679159908533598,2.790500283102741,3.396060641856299,2.22,5.791714285714286,,4.1924862714562074,,2.5,,3.5,,,,,,,,,,6.725,,14.547863799802062,10.690183196134628,11.888834166421642,12.950200455139688,26.315677914387994,30.84124549134523
2004-09-01,0.8,2.94,2.64,2.32,5.820045454545455,,4.446305296511863,,2.5,,3.5,,,,,,,,,,6.642825,,14.749611051463917,11.87156154319348,11.676932092995651,13.291197822712592,25.213229497018897,29.94087908809201
2004-10-01,0.84,3.06,3.69,2.34,5.85352380952381,,4.389543683253454,,2.5,,3.425,,,,,,,4.754975,,,6.16,,14.6370968965599,10.289695127167214,11.871413069628916,11.703055831162924,26.833009076937334,30.231753629714202
2004-11-01,0.81,3.01,3.85,2.3,5.786735537190083,,4.128784880945617,,2.5,,3.0,,,,,,,4.4888200000000005,,,5.6240000000000006,,13.780252307460989,10.314370278312161,11.173411031559942,11.26716773124744,26.519904395093548,29.618295503025987
2004-12-01,0.76,3.01,3.73,2.25,5.78,,4.006904792550743,,2.5,,3.0,,,,3.55,,,4.953100000000001,,,5.671775,,13.456776082097516,10.70249744193933,11.50423470909995,11.736575391821296,26.695216221944346,29.466110959983205
2005-01-01,0.7009129331964533,2.841759355757681,3.401663155926548,2.23,5.593,,3.26776383497712,,2.6904761904761907,,3.1904761904761907,,,,3.6374250000000004,,,5.369975,,,5.675025,,13.833147856139847,9.868244663048316,11.080134316846632,10.999610302575645,26.698193768920973,27.372277608339136
2005-02-01,0.7230711059751116,2.7215226708449753,3.460256554567679,2.22,5.4161,,2.916078866425722,,2.75,,3.25,,2.8497,,4.013625,,,5.078175,,,5.472474999999999,,13.921373745311527,9.791246300559026,11.25574414025281,11.259524446281393,26.695924675324665,26.954848200491714
2005-03-01,0.714387788612994,2.782889763271897,3.5873526110738525,2.39,5.431,,3.0860495920451156,,2.75,,3.25,,2.9912199999999998,,4.38608,,,5.3725249999999996,,,5.649240000000001,,14.054138281815511,9.963146390620654,11.482871453977474,11.004551065879804,26.23418319042255,27.018900431239153
2005-04-01,0.7597914998655467,3.1261288403621244,4.0187456788822935,2.81,5.597,,3.919115355368549,2.6,3.2261904761904763,,3.7261904761904763,,3.96985,,5.275975,,,5.62495,,,6.075,,14.26303475774132,9.216905298471747,11.329852177062316,10.428009597729927,26.666686521832077,28.332070146400568
2005-05-01,0.7382326097961309,3.668817403438109,4.632878970616883,3.33999999999999,6.1189,,4.929228182158389,,3.75,,4.226190476190476,,5.220059999999999,,5.9408199999999995,,,6.266633333333334,,,6.478,,14.420412087839301,9.604345648923443,11.308808265373461,9.951388214472102,26.1219768355286,27.678819554840352
2005-06-01,0.7810900501303907,3.8108302787202755,4.649125753855528,4.69,6.27299999999999,,5.285702048252728,3.53125,3.9642857142857144,,4.880952380952381,,5.7749999999999995,,6.537375,,,6.4125499999999995,,,6.703366666666668,,14.446870893864274,10.127759347455797,11.606004724615335,10.098573873549897,25.97705694412337,27.803823357610096
2005-07-01,0.8162424535541997,4.210428461428899,4.853436131803398,5.05999999999999,6.54929999999999,,5.943248732606814,3.75,4.25,,5.25,,5.943275,,6.850875,,,7.1749,,,7.8500499999999995,,13.986628516784272,10.258341466677368,11.223429400325182,9.970699910237634,26.689636354248496,28.346213707741306
2005-08-01,0.8078407293177674,4.055125329702445,5.083705956791947,4.36,6.44529999999999,,5.306141834783111,3.75,4.25,,5.25,,5.99066,,6.83228,,,7.478,,,7.79,,14.299719081235745,10.444814911892577,11.002093021292403,10.218527174308164,25.56900782952494,28.061365541990153
2005-09-01,0.7359927043606405,4.109657976903036,5.184147164623432,4.58,6.2976,,5.7792143370070255,3.75,4.25,,5.25,,6.170274999999999,,6.8673,,,7.488225,,,7.966633333333334,,15.073651614463754,10.780540299387626,11.150486731038953,9.836144719479455,25.079052683701484,27.848576745387113
2005-10-01,0.7307437175869618,4.291619874159625,5.303523338210132,4.69,6.39029999999999,,6.099593711204263,3.7625,4.2625,,5.2625,,6.225775,,6.950675,,,7.456225,,,8.125,,16.399714055725653,10.70730779735081,11.023261543677439,10.162716382932219,25.313997993030398,27.766046697825388
2005-11-01,0.8551326202754721,4.480454863167532,5.361754939605786,6.63999999999999,6.70049999999999,,6.729827895897938,4.0,4.5,,5.784090909090909,,6.7247200000000005,,7.261840000000001,,,7.505725,,,8.15,,16.80141693337524,10.978288618541924,11.390598065516476,9.938194631827628,25.15262730760142,28.33502629898442
2005-12-01,0.9169743447749071,5.048641763301302,5.768601880971528,6.74,7.14689999999999,,7.425094898698132,4.476190476190476,4.976190476190476,,6.0,,6.70695,6.914899999999999,7.299799999999999,,,7.493266666666666,,,,,17.11079968728362,11.546877977578369,11.552354865196277,10.116628220290421,25.327734296263035,27.92939636129749
2006-01-01,0.9275650064888059,5.542635791965852,5.999200264046526,7.19,7.5286,,8.217863652799169,4.5,5.0,,6.0,,6.77226,6.915940000000001,7.133300000000001,,,7.9,,,,,17.28,11.5,11.13,9.47,25.51,28.07
2006-02-01,0.8305381350537897,5.514558154778026,6.177674542603165,5.41,7.46879999999999,,7.374543319327561,4.5,5.0,,6.0,,6.78505,6.988099999999999,7.2498,,7.733366666666666,7.8999,,,,,16.67,12.13,11.36,9.4,25.8,27.76
2006-03-01,0.8637963705007046,5.821671097394781,6.176737258013573,8.21,7.41059999999999,,8.204578295756082,4.5,5.0,,6.7727272727272725,,6.710099999999999,6.899849999999999,7.2387250000000005,,,8.3,,,,,17.34,12.11,11.36,10.15,24.69,27.35
2006-04-01,0.7907191954900573,6.371963820384552,6.7238471511739615,7.50999999999999,7.7102,,8.986535274536022,4.5,5.0,,7.0,,6.613025,6.859933333333333,7.184875,,,,,,,,17.94,12.61,11.73,11.11,24.05,27.27
2006-05-01,0.7912430742496471,6.567308945452375,7.505506017911103,6.04999999999999,8.15399999999999,,8.940603458279757,4.785714285714286,5.285714285714286,,7.285714285714286,,6.606066666666667,6.816566666666667,7.077433333333333,,,8.302575,,,10.3267,,16.91,12.81,11.79,11.0,24.28,27.62
2006-06-01,0.762139249503773,6.614632298539188,6.767586528629297,7.25999999999999,8.94979999999999,,8.903894041874427,5.166666666666667,5.666666666666667,,7.785714285714286,,,,7.300050000000001,,,8.5525,,,10.259975,,16.46,12.55,12.02,10.7,23.9,27.42
2006-07-01,0.7517250768935937,6.784708308406944,7.765921507455592,7.78,9.0983,,9.15550072493762,5.25,5.75,,8.0,,,,7.196133333333333,,,8.574925,,,10.234975,,16.23,12.44,12.02,9.97,24.49,27.6
2006-08-01,0.8370159026569824,6.954334164518614,7.613809905539508,7.00999999999999,9.35549999999999,,9.462563025180149,5.25,5.75,,8.0,,,,,,,8.437999999999999,,,9.99995,,16.58,12.97,11.35,10.22,24.75,28.18
2006-09-01,0.8732551453122344,6.882389669162935,6.480203836288806,7.62999999999999,9.38599999999999,,9.435645896943608,5.25,5.75,,8.0,,,,,,,8.379766666666667,,,10.0625,,16.57,12.94,11.52,10.42,24.32,27.69
2006-10-01,0.8241940995264736,6.697643147644182,7.7225122071379255,6.78,9.3445,,9.444610680809026,5.5,6.0,,8.0,,,,,,,8.259879999999999,,,10.206199999999999,,16.33,12.74,11.93,10.62,25.37,26.34
2006-11-01,0.8071412856526552,6.8249448001441015,8.202746084361198,8.08,9.5259,,9.570244300882125,5.738095238095238,6.238095238095238,,8.238095238095237,,,,,,,8.2201,,,10.29985,,16.32,12.86,11.63,10.64,24.79,26.22
2006-12-01,0.7802880955855701,6.479692859287523,7.251441227635131,8.10999999999999,9.59079999999999,,9.798647264894052,5.75,6.25,,8.25,,7.9008666666666665,,7.99845,,,8.233166666666667,,,10.089966666666667,,16.47,12.92,11.74,10.85,24.55,25.93
2007-01-01,0.733553283399212,7.416787589939015,6.470493435417128,6.92999999999999,9.59529999999999,,9.246245447783965,6.2272727272727275,6.488636363636363,,8.488636363636363,,,,7.9001,,,8.137525,,,10.349966666666667,,16.34,12.68,11.11,8.12,24.9,26.12
2007-02-01,0.7546697772395099,7.029978387010662,8.003454823124901,6.80999999999999,9.3816,,7.958174205798807,6.425,6.675,,8.675,,,,7.891825,,8.8498,8.85,,,10.34495,,16.05,12.83,10.88,9.34,24.81,25.88
2007-03-01,0.7520187094229597,7.120692329536717,7.746536901683702,7.73,8.5303,,8.289072640361512,6.6477272727272725,6.8977272727272725,,8.897727272727273,,,,7.917066666666667,,,8.932475,,,10.21705,,15.39,12.69,10.79,10.68,25.04,25.77
2007-04-01,0.7872223062021828,7.062605026139773,6.870856465144686,7.19,8.714,,7.962775928820161,6.75,7.0,,9.0,,,,7.86315,,8.6499,9.02495,,,10.11818,,14.9,12.79,11.29,10.65,25.48,25.82
2007-05-01,0.7861159199822876,6.821975293298317,7.6718361227386715,7.66999999999999,8.64119999999999,,7.661552575288791,7.0,7.25,,9.25,,,,7.896566666666668,,,8.4548,,,10.107725,,16.3,12.23,10.77,10.44,25.3,25.66
2007-06-01,0.5100945774228608,6.738384334857546,7.983758798861212,7.96,8.64049999999999,,7.906745778069308,7.15,7.4,,9.4,,,,7.816033333333333,,,8.310033333333335,,,10.058125,,15.53,12.19,10.51,10.28,24.98,25.71
2007-07-01,0.46600600211409016,6.998986864743554,6.748840540991993,10.43,8.8962,,8.585555544834504,7.357142857142857,7.607142857142857,,9.607142857142858,,,,7.92995,,8.1,,,,10.03495,,16.93,13.16,10.76,9.99,24.45,26.86
2007-08-01,0.49352956688116356,8.306373814532213,6.566608397491772,10.68,10.2521,,10.52397288210845,7.5,7.75,,9.75,,10.274899999999999,,10.54955,,,,,,10.5001,,17.76,13.97,10.82,9.86,25.07,26.4
2007-09-01,0.5214018701464141,9.686194976370349,7.978420199658976,11.1099999999999,13.4918999999999,,12.986405352448081,7.625,7.875,,10.75,,10.647350000000001,10.8,10.6594,,,,,,,,19.0,15.92,11.37,11.73,27.38,26.22
2007-10-01,0.5477773507132621,9.56934549965687,7.971048842453519,8.99,14.7634,,12.564470938064474,8.0,8.25,9.75,10.25,,10.5001,10.637575,10.699950000000001,,,,,,,,17.85,16.35,11.67,13.06,27.62,26.5
2007-11-01,0.5496370237618938,9.293046466587349,10.607910421640264,10.1199999999999,15.7318,,13.697873659203083,8.0,8.25,9.75,10.25,,10.612275,10.649866666666668,10.759900000000002,,10.8501,,,,,,19.3,17.12,11.87,15.09,27.0,26.0
2007-12-01,0.565500643014573,9.615216493447534,10.949849388772808,9.33,15.9861,,13.524684848843535,8.0,8.25,9.75,10.25,,10.649425,10.67255,10.75,,10.8501,,,,,,18.93,16.96,12.44,15.47,27.71,27.47
2008-01-01,0.5387436524975939,8.760481544778536,9.25832690459203,8.32,15.2675,,10.694990081698242,8.0,8.25,9.75,10.25,,10.6914,10.732099999999999,10.8062,,10.883333333333333,,,,11.0,,18.06,16.54,11.72,14.11,28.02,26.02
2008-02-01,0.5111383271630924,7.976221115178023,8.628325105878572,7.45,12.1385,,8.310965993450871,8.0,8.25,9.75,10.25,,,,10.8402,,10.860024999999998,10.912525,10.985,11.0901,11.100075,11.168633333333332,19.34,14.97,12.22,16.81,27.66,25.93
2008-03-01,0.46753567748073627,8.031319096677686,8.797520046962786,8.02999999999999,11.5554,,8.49715226854557,8.0,8.25,9.75,10.25,,,,,,10.848474999999999,10.912475,10.97505,11.073333333333332,11.2,11.280000000000001,17.91,14.78,11.23,15.25,28.91,25.7
2008-04-01,0.4841452160750705,8.042586619795745,7.7897880654564915,8.08999999999999,11.5958,,8.706137923400487,8.0,8.25,9.75,10.25,,,,,,10.8742,10.893919999999998,10.99006,11.04495,11.186666666666667,,18.5,14.56,11.65,15.23,28.14,26.1
2008-05-01,0.48576090561454305,9.660243072918265,11.256533690059156,10.21,15.8602,,13.028253758670203,8.535714285714286,8.785714285714286,10.464285714285714,10.785714285714286,,,,,,10.933300000000001,11.030033333333334,,11.4,11.19,11.26,20.36,17.38,11.97,15.72,28.72,26.37
2008-06-01,0.5262280328350315,13.00863954678812,12.32740233399027,10.6,23.8104,,17.44677600326206,8.75,9.0,10.75,11.0,,,,,,10.99,11.17,,,11.49,,23.15,21.22,12.62,16.85,30.45,26.65
2008-07-01,0.6389758429880164,11.784482850020986,11.090620937699294,9.81,22.4715999999999,,14.893557419289081,8.75,9.0,10.75,11.0,,,,11.0499,11.271166666666666,11.2964,,11.4,11.45,,12.05,22.36,20.7,12.32,18.47,29.06,27.74
2008-08-01,0.6078218772677543,10.190212659279007,11.756084360407964,9.23,18.7899999999999,,12.258949752964536,8.75,9.1875,10.75,11.1875,,,10.860475000000001,11.154924999999999,,11.345,,11.59,,,,20.95,19.0,12.47,18.99,32.43,28.55
2008-09-01,0.558537546733095,10.840155629320925,10.99264344728261,9.53999999999999,17.8857,,12.188455908979,9.068181818181818,9.568181818181818,11.068181818181818,11.568181818181818,,,11.294860000000002,11.35406,11.25005,,12.26,,,,,20.56,18.9,12.88,19.16,32.53,28.36
2008-10-01,0.5761331921813968,11.865434185236845,12.316467511813926,13.42,23.9084,,16.782720659892075,10.397727272727273,10.897727272727273,12.397727272727273,12.897727272727273,,12.4798,12.496666666666668,12.5501,,12.6389,12.83005,,,,,24.77,21.92,13.07,18.96,31.58,27.94
2008-11-01,0.6750706633784821,16.324119101416805,18.025129925146462,15.5299999999999,32.5715999999999,,21.495055323565747,10.5,11.0,12.5,13.0,,12.4996,12.866666666666667,,,,,,,,,28.08,25.19,16.03,20.61,34.33,28.5
2008-12-01,0.7693129733473582,16.108052785243498,16.91746262678654,14.5299999999999,27.7627999999999,,19.08218876933445,10.5,11.0,12.5,13.0,,12.4801,12.183775,12.5002,,,,,,,,27.72,25.94,16.23,21.07,35.45,29.04
2009-01-01,0.7063422442968587,14.227832364393638,13.299581477420016,12.68,25.9797,22.01,15.871122161979153,10.5,11.0,12.5,13.0,,,10.9997,12.266566666666668,,,,,,,,25.66,24.22,16.24,23.35,37.27,28.88
2009-02-01,0.6093138863093266,11.633516597769013,12.193473645757349,11.41,21.9995,18.38,12.017132140498582,10.5,11.0,12.5,13.0,,,12.7498,12.892766666666667,12.99945,,,13.4,,,,24.03,21.79,15.28,22.61,36.66,29.52
2009-03-01,0.5702999481215266,11.684833124002628,12.197203217909093,11.18,20.4152999999999,18.1,12.24269032853492,10.5,11.0,12.5,13.0,,,,13.909479999999999,14.366549999999998,,14.5951,,,,,24.18,20.83,15.84,25.43,35.03,29.44
2009-04-01,0.5423805692493591,11.823808150741987,12.924439055257366,11.43,20.2625999999999,17.19,12.765355204844205,10.5,11.0,12.5,13.0,,,13.9498,14.131166666666667,14.46135,14.545,,,,,,24.08,20.75,15.54,23.76,35.18,29.6
2009-05-01,0.5383857884932375,11.797056548386374,13.269326238141206,11.23,20.234394736842077,16.52,12.825290321249337,10.5,11.0,12.5,13.0,,,,14.4977,14.6401,,14.9802,,,,,23.34,20.53,16.01,23.2,33.88,29.87
2009-06-01,0.5213105764915432,12.006877194575281,13.052544304675001,10.906190476190476,20.150328571428524,16.06,12.939732470008032,10.5,11.0,12.5,13.0,,,,14.48808,14.533620000000003,14.873533333333334,14.6999,,,,16.148400000000002,22.75,19.31,15.89,22.71,33.93,29.44
2009-07-01,0.4876190476190476,12.183333333333332,12.935238095238097,10.621904761904764,20.09376666666663,15.93,12.948128013559774,10.095238095238095,10.595238095238095,12.095238095238095,12.595238095238095,,,,14.502699999999999,14.5842,14.776433333333335,,,,,15.89,22.27,19.65,15.58,22.24,34.21,31.04
2009-08-01,0.49749999999999994,11.998499999999998,12.9515,9.917999999999989,19.678124999999994,15.16,12.728125,9.625,10.125,11.625,12.125,,,,14.28245,14.424399999999999,14.8001,14.9499,14.9893,15.3935,,16.004333333333335,22.49,19.8,13.46,22.01,34.3,31.02
2009-09-01,0.5072727272727271,11.54227272727273,12.681363636363637,9.484545454545453,,13.89,12.230113636363637,9.409090909090908,9.909090909090908,11.409090909090908,11.909090909090908,,,,,13.8255,13.951125000000001,14.56992,14.850066666666669,15.4001,15.346200000000001,15.74635,22.12,18.72,12.87,18.69,33.89,31.62
2009-10-01,0.4986363636363635,11.199545454545456,12.373636363636365,9.284090909090907,,12.49,11.806818181818182,9.154761904761905,9.654761904761905,11.154761904761905,11.654761904761905,,,,13.3901,,13.519966666666667,13.996766666666666,14.466699999999998,14.66505,14.995000000000001,15.153300000000002,21.72,17.88,13.26,19.21,32.99,29.56
2009-11-01,0.4955,10.449000000000002,11.554499999999999,9.004499999999997,,11.43,10.665625,9.0,9.5,11.0,11.5,,,,,,13.2363,13.707474999999999,14.070699999999999,14.316733333333334,14.562475,,21.38,17.24,13.33,18.38,32.56,31.59
2009-12-01,0.4590476190476191,9.593809523809526,10.490952380952379,9.116666666666662,,10.7,9.81547619047619,9.0,9.5,11.0,11.5,,,,12.7502,12.857199999999999,13.342339999999998,13.569980000000001,13.6986,13.933333333333332,,14.014949999999999,21.31,16.08,13.42,18.34,32.49,31.45
2010-01-01,0.4495,9.528,10.405999999999999,8.953999999999997,,10.87,9.8625,9.0,9.5,11.0,11.5,,,,,12.735074999999998,13.334225,13.535,,,13.950025,13.98005,20.7,15.95,13.19,17.64,32.5,30.96
2010-02-01,0.4410000000000001,9.3335,10.219499999999998,8.5525,,10.34,9.5375,9.0,9.5,11.0,11.5,,,,,12.470575,13.280225,,13.517475000000001,,13.795,13.9101,20.35,15.79,13.11,17.92,31.85,30.2
2010-03-01,0.43954545454545463,9.178636363636363,10.15227272727273,8.66954545454545,,10.2,9.431818181818182,9.0,9.5,11.0,11.5,,,,12.199866666666667,12.746733333333333,13.258080000000001,13.413366666666667,,13.602525,13.7299,13.746,20.11,15.31,13.46,17.38,31.17,29.65
2010-04-01,0.445,8.977,10.079000000000002,8.642,,9.76,9.253125,9.0,9.5,11.0,11.5,,,,,11.774999999999999,12.979975,,13.3566,13.4199,13.5433,13.6,19.68,15.6,13.33,18.01,31.07,29.47
2010-05-01,0.30947368421052623,8.894736842105265,9.631052631578948,8.875263157894734,,9.7,9.37828947368421,9.0,9.5,11.0,11.5,,,,11.146633333333334,11.3499,12.799825,13.3099,13.303300000000002,13.4701,13.526666666666666,,19.08,14.69,12.47,17.47,30.44,29.66
2010-06-01,0.308095238095238,9.307142857142859,10.144761904761905,8.999523809523804,,10.09,10.142857142857142,9.0,9.5,11.0,11.5,,,,11.114899999999999,12.799874999999998,12.8005,13.3,,13.463233333333333,13.52575,13.654950000000001,18.56,14.97,13.03,17.29,29.78,30.19
2010-07-01,0.34666666666666657,9.28952380952381,10.288571428571428,9.288571428571423,,10.53,10.306547619047619,9.0,9.5,11.0,11.5,,11.45,11.4995,12.249466666666665,12.3998,,13.312425000000001,13.3501,13.408499999999998,13.450050000000001,13.4501,18.47,15.17,13.69,17.2,29.58,32.89
2010-08-01,0.3319047619047619,9.389523809523812,10.140476190476189,9.328095238095235,,10.6,10.464285714285714,9.0,9.5,11.0,11.5,,11.301133333333333,11.8497,12.21995,12.46,12.7999,13.309375000000001,13.35,,,13.621666666666668,18.6,15.18,14.33,17.26,29.08,32.94
2010-09-01,0.30863636363636354,9.445909090909094,10.33318181818182,9.446818181818177,,10.65,10.551136363636363,9.0,9.5,11.0,11.5,,,,12.1199,11.883966666666666,12.603366666666666,12.893333333333333,13.28,,13.3538,,18.45,15.39,14.25,17.11,29.38,32.28
2010-10-01,0.3005263157894736,9.385263157894737,10.182105263157894,10.147894736842087,,11.3,10.697368421052632,9.0,9.5,11.0,11.5,,,,,11.249866666666668,11.4,12.0122,,,12.745000000000001,12.59995,18.62,15.08,14.48,17.4,29.64,32.02
2010-11-01,0.2995238095238094,9.391904761904764,10.393333333333333,9.532857142857143,,11.56,10.8125,9.0,9.5,11.0,11.5,,10.9009,11.0496,11.049833333333334,11.1249,11.042100000000001,11.7,,12.3,12.050049999999999,12.4499,19.15,14.69,14.65,17.32,31.09,32.01
2010-12-01,0.2905,9.7925,10.665,9.833499999999997,,11.09,11.11875,9.0,9.5,11.0,11.5,,10.859849999999998,10.933233333333334,11.1018,11.225000000000001,,,,11.81995,,12.4999,19.23,14.81,14.59,17.49,29.1,31.26
2011-01-01,0.29,9.82904761904762,10.010952380952382,9.926190476190474,,11.1,11.089285714285714,9.0,9.5,11.0,11.5,,,10.994975,11.066633333333334,11.159933333333333,11.3,,11.646666666666667,11.7501,,12.049966666666668,18.77,15.32,13.73,17.0,29.22,32.27
2011-02-01,0.29,9.6095,10.6405,9.758999999999997,,11.03,11.071875,9.0,9.5,11.0,11.5,,,10.9603,11.1498,11.150033333333333,11.279933333333332,11.6099,11.60995,,11.933,12.0,18.46,15.29,14.01,17.35,29.09,33.97
2011-03-01,0.29,9.618421052631579,10.726842105263158,9.993684210526297,,11.16,11.161184210526315,9.0,9.5,11.0,11.5,,,10.980033333333333,11.06608,,11.330033333333333,11.5999,11.705166666666665,11.8699,11.9536,,19.18,15.27,13.94,17.62,29.36,32.52
2011-04-01,0.29,9.633684210526315,10.46578947368421,9.753684210526306,,11.22,11.177631578947368,9.0,9.5,11.0,11.5,,,10.9227,10.9801,,,11.5349,11.6471,11.808033333333332,,12.201233333333334,18.99,14.7,14.88,17.44,29.01,32.51
2011-05-01,0.282857142857143,9.832380952380952,10.843809523809524,9.676190476190468,,11.21,11.226190476190476,9.0,9.5,11.0,11.5,,,10.8702,11.028875000000001,,11.385233333333332,11.4475,11.623,,12.0,,18.83,15.53,14.35,17.89,29.05,32.17
2011-06-01,0.2809523809523811,9.840000000000002,10.492857142857144,9.661904761904758,,11.32,11.276785714285714,9.0,9.5,11.0,11.5,,,,11.072099999999999,11.289,11.3835,11.4763,,11.889266666666666,11.9627,,18.36,15.01,14.89,18.1,29.22,32.08
2011-07-01,0.28000000000000014,9.95952380952381,10.690000000000001,10.369047619047597,,12.34,11.630952380952381,9.0,9.5,11.0,11.5,,,,,11.3601,11.360166666666666,11.40495,11.6455,11.7016,,,18.58,15.44,14.89,18.12,30.37,32.94
2011-08-01,0.2777272727272729,10.367272727272727,11.314545454545454,9.670909090909081,,12.59,12.363636363636363,9.0,9.5,11.0,11.5,,,,,11.504766666666667,11.504299999999999,11.633266666666666,11.5866,,,,19.03,15.62,14.76,18.98,29.88,33.22
2011-09-01,0.275,10.723636363636366,11.223636363636366,9.942727272727259,,12.98,13.0625,9.0,9.5,11.0,11.5,,,,,12.929975,12.909966666666667,13.000024999999999,13.1899,,,13.29,19.33,15.61,15.08,19.5,30.35,32.21
2011-10-01,0.2699999999999999,12.3255,14.319000000000003,11.819999999999986,,18.36,17.64375,9.0,9.5,11.0,11.5,,,,13.9698,13.820033333333333,13.876800000000001,13.889175000000002,,,14.096599999999999,13.86,21.85,18.2,15.06,20.47,31.48,32.7
2011-11-01,0.2699999999999999,14.943333333333337,16.329523809523806,11.41857142857142,,23.21,19.94047619047619,9.0,9.5,11.0,11.5,,,,13.9687,13.9772,13.987075,,,14.0726,14.08365,,25.67,20.54,15.78,23.1,34.01,33.36
2011-12-01,0.2689473684210526,14.819473684210529,16.499473684210525,10.424736842105242,,22.53,18.76644736842105,9.0,9.5,11.0,11.5,,,,,13.972675,14.0075,14.01655,14.053633333333332,14.061,,,26.49,22.16,16.52,25.1,36.46,34.2
2012-01-01,0.26428571428571423,12.926190476190476,14.837619047619047,9.863809523809511,,18.6,15.93452380952381,9.0,9.5,11.0,11.5,,,,,13.818633333333333,13.72048,13.71,14.011366666666666,13.8,,,24.75,23.13,15.94,26.32,37.0,35.45
2012-02-01,0.26333333333333325,12.486666666666668,12.49277777777778,9.602222222222219,,15.71,14.20138888888889,9.0,9.5,11.0,11.5,,,,,,12.412424999999999,12.4901,12.8081,13.39995,,,23.42,20.25,16.12,25.28,36.61,33.03
2012-03-01,0.268181818181818,11.866818181818182,12.64318181818182,9.880909090909075,,14.11,12.877840909090908,9.0,9.5,11.0,11.5,,,,,,12.099924999999999,12.1199,12.155266666666668,12.2543,,,22.11,19.27,15.69,24.21,35.71,34.83
2012-04-01,0.27,11.282352941176471,11.945882352941178,9.59647058823529,,12.89,12.180147058823529,9.0,9.5,11.0,11.5,,,,,,12.0999,12.065,12.139949999999999,12.24315,12.391549999999999,12.567300000000001,21.67,18.38,15.44,23.1,35.01,34.93
2012-05-01,0.27047619047619037,11.441428571428574,11.888095238095238,9.3947619047619,,12.49,11.696428571428571,9.0,9.5,11.0,11.5,,,11.1,11.7999,11.8001,,,12.142650000000001,12.3775,12.446800000000001,12.576266666666667,21.15,17.81,15.11,22.78,34.73,34.9
2012-06-01,0.2699999999999999,11.504999999999999,12.079500000000001,9.715999999999998,,12.39,12.121875,9.0,9.5,11.0,11.5,,,11.1,11.319949999999999,11.80007,12.0301,12.208675,12.51,12.386233333333331,12.604700000000001,12.77425,20.34,17.26,15.8,23.35,33.26,33.04
2012-07-01,0.26476190476190464,11.757619047619048,13.113809523809525,9.799999999999986,,12.94,13.196428571428571,9.0,9.5,11.0,11.5,,,,11.540025,11.93196,12.33336,12.33,12.89158,13.1208,13.17235,,20.72,18.3,15.42,22.99,33.59,34.82
2012-08-01,0.25999999999999984,11.905000000000001,13.506363636363638,9.975454545454532,,13.199545454545454,13.946022727272727,9.0,9.5,11.0,11.5,,,12.0,11.933233333333334,12.547525,12.6499,13.3453,13.48175,13.718233333333336,,14.183499999999999,20.8,18.42,14.83,21.15,34.18,34.7
2012-09-01,0.2594736842105262,12.297894736842103,13.451052631578946,10.112631578947354,,13.484736842105265,14.279605263157896,9.0,9.5,11.0,11.5,,,,12.325125,12.727425,13.25,13.347666666666667,13.7576,13.853200000000001,14.103933333333336,14.1937,21.07,17.85,16.24,20.96,34.28,34.58
2012-10-01,0.25,12.474090909090911,14.46,10.38909090909088,,14.183636363636365,14.928977272727273,9.0,9.5,11.0,11.5,,,,12.442,12.854000000000003,13.620619999999999,14.1754,14.053374999999999,,14.2094,14.6477,21.44,17.88,16.44,20.5,33.64,34.16
2012-11-01,0.251,13.171500000000004,15.017000000000001,10.384499999999985,,14.284999999999997,15.28125,9.0,9.5,11.0,11.5,,11.3,12.34255,12.884899999999998,13.23245,13.8001,14.055499999999999,14.245149999999999,,14.559566666666667,14.609,21.55,18.14,16.95,19.63,33.84,34.28
2012-12-01,0.25210526315789467,13.878421052631579,15.629999999999999,10.896315789473661,,14.443684210526316,15.388157894736842,9.0,9.5,11.0,11.5,,11.600349999999999,11.978449999999999,12.933266666666666,13.18,13.8448,,,14.440100000000001,14.5162,,21.79,19.04,17.25,19.59,34.22,34.69
2013-01-01,0.25,13.443809523809524,14.72857142857143,11.003809523809506,,14.493809523809524,15.139880952380953,9.0,9.5,11.0,11.5,,,12.280899999999999,12.872020000000001,,13.902,13.9801,14.3913,14.481866666666667,,,21.55,19.4,16.62,21.27,34.97,34.16
2013-02-01,0.25,13.258235294117647,14.53294117647059,11.181176470588225,,14.326470588235296,14.764705882352942,9.0,9.5,11.0,11.5,,,12.66,12.950075,13.295325,14.029,13.89665,14.365099999999998,,,,21.5,19.37,16.2,20.85,34.48,33.75
2013-03-01,0.25052631578947365,13.721052631578944,14.670526315789473,12.150526315789454,,14.54421052631579,14.851973684210526,9.0,9.5,11.0,11.5,,,12.96,13.345025,13.629950000000001,14.152425000000001,14.576550000000001,14.66865,,15.05,15.20565,21.36,18.82,16.74,19.76,33.93,33.41
2013-04-01,0.25299999999999995,13.896999999999997,14.658999999999997,11.700999999999988,,14.9525,15.13125,9.0,9.5,11.0,11.5,,,13.130199999999999,13.32986,14.01075,14.6473,14.508275000000001,15.173,,15.208933333333334,15.13255,21.69,18.64,14.62,19.24,33.28,33.1
2013-05-01,0.2531818181818181,14.860454545454546,14.846363636363641,13.820454545454522,,17.535454545454545,15.798295454545455,9.0,9.5,11.0,11.5,,,14.7299,14.754950000000001,15.42235,,16.5,16.022633333333335,16.683366666666668,15.9676,,22.56,19.26,16.12,19.15,34.26,32.47
2013-06-01,0.25444444444444436,15.201666666666666,15.090555555555552,13.37166666666665,,16.70333333333333,16.572916666666668,9.0,9.5,11.0,11.5,,,14.7299,15.305050000000001,15.84555,16.5,16.453333333333333,16.9999,16.9667,,,22.82,19.08,14.63,18.99,33.79,32.3
2013-07-01,0.25,15.050454545454546,16.349545454545453,13.702727272727277,,17.308636363636367,17.28409090909091,9.0,9.5,11.0,11.5,,,14.94,15.41598,15.90042,16.38196,16.7514,16.8738,,,,23.19,20.83,15.87,20.48,34.76,33.98
2013-08-01,0.23285714285714293,15.400000000000002,16.330000000000002,12.199999999999983,,16.919523809523806,17.723214285714285,9.0,9.5,11.0,11.5,,,14.94,15.449925,15.9893,16.350225000000002,16.6748,16.818133333333332,,,,23.38,20.87,16.42,20.64,35.75,34.51
2013-09-01,0.22142857142857145,15.647619047619045,16.834285714285713,12.391428571428532,,17.395238095238096,18.110119047619047,9.0,9.5,11.0,11.5,,,,15.342500000000001,15.817625,16.2843,16.5083,16.843625,,,,23.54,20.66,16.2,21.71,36.26,35.46
2013-10-01,0.21,16.008181818181814,18.096363636363638,12.372727272727253,,18.73409090909091,18.806818181818183,9.0,9.5,11.0,11.5,,,14.9301,15.225999999999999,15.810659999999999,16.2855,16.464166666666667,16.825319999999998,,,,25.03,21.1,17.16,22.43,38.21,34.87
2013-11-01,0.21,16.621578947368423,18.16842105263158,15.43842105263156,,20.186842105263157,19.095394736842106,9.0,9.5,11.0,11.5,,,,15.2775,15.813675,16.097499999999997,16.5527,16.696433333333335,,,,26.19,21.43,16.49,22.23,38.68,35.65
2013-12-01,0.21052631578947367,18.134210526315794,18.952105263157893,19.55421052631574,,22.876842105263155,20.24013157894737,9.0,9.5,11.0,11.5,,,,15.51592,15.8555,16.250974999999997,16.441233333333333,16.825266666666668,,,,27.6,22.35,16.53,21.08,39.29,37.12
2014-01-01,0.21,19.221363636363638,20.350909090909088,16.474545454545435,,23.813181818181818,21.928977272727273,9.0,9.5,11.0,11.5,,,25.5201,19.98995,17.34835,17.716,23.46705,20.83065,,23.90915,,28.9,26.05,18.29,25.25,40.13,35.96
2014-02-01,0.2105,22.437,24.175000000000004,14.794999999999973,,25.923000000000002,25.621875,9.0,9.5,11.0,11.5,,,28.5198,28.732300000000002,29.15285,29.24195,29.525266666666667,29.5764,,29.895625,,31.6,29.2,17.5,24.2,44.9,38.1
2014-03-01,0.21,22.90444444444444,25.13833333333333,19.351111111111077,,27.266666666666666,26.23611111111111,9.0,9.5,11.0,11.5,,,,28.782475,29.0623,29.36,29.406100000000002,29.5541,29.8243,29.884599999999995,,33.3,29.5,17.8,28.6,46.1,39.5
2014-04-01,0.21,23.135263157894737,25.713684210526313,15.318947368421027,,24.63,26.282894736842106,9.0,9.5,11.0,11.5,,,,28.247980000000002,28.45132,28.774725000000004,28.958775000000003,28.5807,29.30185,29.8495,29.0451,32.9,30.5,17.2,27.5,46.1,39.1
2014-05-01,0.2085,22.158,24.474999999999998,17.025499999999994,,24.103499999999993,24.684375,9.0,9.5,11.0,11.5,,,,26.79755,27.1001,27.2789,27.372433333333333,27.53835,27.73585,,28.010766666666665,32.21,29.43,17.44,25.43,44.54,40.05
2014-06-01,0.21000000000000002,21.273499999999995,23.443500000000004,21.518999999999995,,25.832,23.08125,9.0,9.5,11.0,11.5,,,,26.83005,27.108075000000003,27.251974999999998,,27.60205,27.68175,27.9043,27.99345,32.21,26.63,21.06,23.05,40.51,41.76
2014-07-01,0.20909090909090908,20.589545454545455,21.969090909090905,15.742727272727235,,21.576818181818183,22.014204545454547,9.0,9.5,11.0,11.5,,,,26.802,27.11222,27.240133333333336,27.334850000000003,27.56322,,,28.003,30.74,28.0,22.6,23.86,37.4,40.12
2014-08-01,0.2076190476190476,19.979047619047623,21.51,18.397142857142835,,23.013333333333335,21.13095238095238,9.0,9.5,11.0,11.5,,,,26.377375,26.96,27.2892,27.533266666666666,27.5,27.193033333333332,,27.5901,30.9,26.26,20.88,25.08,37.27,41.11
2014-09-01,0.21,19.387272727272723,20.980454545454545,13.308181818181787,,18.954090909090908,20.303977272727273,9.0,9.5,11.0,11.5,,,,26.80388,27.586060000000003,28.662066666666664,28.797166666666666,,28.979699999999998,,29.152099999999997,28.93,24.73,23.45,25.61,37.85,40.72
2014-10-01,0.20181818181818192,19.834999999999997,22.17954545454546,21.36545454545453,,25.074545454545454,20.008522727272727,12.636363636363637,13.590909090909092,15.545454545454545,16.5,,,,26.8599,27.624975,,28.771375,,29.004475,,29.1481,31.02,25.95,20.39,26.45,37.44,40.53
2014-11-01,0.2005555555555556,20.28,22.897777777777772,19.979999999999944,,22.97,19.802083333333332,13.0,14.0,16.0,17.0,,,,26.8599,27.69,,28.7701,,29.025374999999997,,,30.81,23.82,21.76,26.67,37.43,41.3
2014-12-01,0.20052631578947375,20.49684210526316,23.431578947368422,21.91052631578944,,24.330526315789474,20.00986842105263,13.0,14.0,16.0,17.0,,,,26.843880000000002,27.71998,28.23125,28.806079999999998,,28.99185,29.082500000000003,29.153699999999997,30.87,24.2,21.45,26.35,37.68,41.77
2015-01-01,0.20000000000000004,19.912857142857142,22.98285714285715,22.887142857142834,,25.626190476190477,20.232142857142858,13.0,14.0,16.0,17.0,,,,26.784925,27.39995,28.0034,28.546325000000003,,28.829025,,28.989675,30.83,24.56,22.17,28.05,38.41,40.58
2015-02-01,0.20000000000000007,20.331111111111106,23.09777777777778,20.510555555555516,,24.423333333333332,20.663194444444443,13.0,14.0,16.0,17.0,,,,26.502525,27.24,27.864975,28.37993333333333,28.419,28.663125,,28.808725,30.48,26.54,25.76,27.25,37.57,40.92
2015-03-01,0.19950000000000007,20.839499999999994,23.636000000000003,21.086999999999975,,23.860999999999997,20.903125,13.0,14.0,16.0,17.0,,,,26.23992,26.97006,27.5907,,28.284039999999997,28.724260000000005,,28.968799999999998,30.09,25.67,23.09,26.54,37.58,40.48
2015-04-01,0.20000000000000004,20.832000000000004,23.250000000000007,17.784999999999975,,20.894499999999997,20.815625,13.0,14.0,16.0,17.0,,,,26.15745,26.9025,27.245425,,27.912675,28.537550000000003,,29.025000000000002,29.11,26.59,22.93,26.06,37.65,39.39
2015-05-01,0.2010526315789474,21.11421052631579,23.307894736842105,22.320526315789447,,24.349999999999998,20.25986842105263,13.0,14.0,16.0,17.0,,,,25.9626,26.452350000000003,26.7408,,27.4401,28.287575,,,30.07,26.14,22.77,25.19,37.23,39.39
2015-06-01,0.20090909090909095,20.78227272727273,22.969090909090912,17.86818181818179,,20.368636363636366,20.477272727272727,13.0,14.0,16.0,17.0,,,,25.96812,26.3898,26.87216666666667,,27.5225,28.250099999999996,,,28.3,25.22,23.56,23.87,36.84,40.14
2015-07-01,0.1995454545454546,20.68318181818182,23.01772727272727,23.694090909090882,,26.094090909090905,20.744318181818183,14.136363636363637,15.363636363636363,17.59090909090909,18.59090909090909,,,,25.980999999999998,26.3898,26.9632,,27.6434,28.2501,,,30.43,26.25,25.1,25.04,36.44,39.39
2015-08-01,0.18100000000000002,21.249499999999994,23.969,22.59699999999997,,25.1415,20.978125,18.0,20.0,23.0,24.0,,,,25.926524999999998,26.317375000000002,26.837525,,27.66535,28.2501,,,30.5,26.14,21.64,24.54,36.55,39.39
2015-09-01,0.18090909090909094,21.529090909090915,23.75090909090909,21.901818181818143,,24.427272727272726,21.18465909090909,18.0,20.0,23.0,24.0,,,,25.949540000000002,26.314120000000003,26.773560000000003,,27.517360000000004,28.25308,,,30.31,25.24,23.64,24.49,36.73,39.39
2015-10-01,0.18000000000000005,21.867142857142852,24.114285714285717,24.8838095238095,,27.765238095238093,21.601190476190474,18.571428571428573,20.571428571428573,23.571428571428573,24.571428571428573,,,,26.7073,27.103975,27.5036,,28.2677,29.000075,,,32.15,26.42,21.66,23.52,36.93,40.41
2015-11-01,0.19052631578947365,23.814736842105265,26.784210526315785,21.6352631578947,,25.62684210526315,23.42763157894737,21.0,23.0,26.0,27.0,,,,29.0366,29.3539,29.7536,,30.5226,31.25,,,31.63,27.6,22.25,25.19,36.91,39.39
2015-12-01,0.18999999999999997,26.755000000000003,28.702500000000008,25.17249999999995,,30.393,27.34375,20.7,22.7,26.0,27.0,,35.66773333333333,34.733200000000004,32.314679999999996,30.951333333333334,31.273559999999996,,30.5096,31.539959999999997,,,34.5,30.61,22.86,26.0,39.0,40.12
2016-01-01,0.18999999999999997,25.726999999999997,27.096000000000004,25.200499999999945,,29.047000000000004,26.3125,18.0,20.0,26.0,27.0,31.187525,31.187525,30.45015,29.887575,29.18755,28.880149999999997,,28.9325,28.59,,,34.51,33.49,22.62,29.1,43.21,39.39
2016-02-01,0.1889473684210526,25.031052631578948,26.36368421052631,24.40473684210525,,27.55263157894737,26.223684210526315,18.36842105263158,20.31578947368421,26.42105263157895,27.42105263157895,30.959415789473677,30.59895,29.562324999999998,28.748675,28.02495,27.727224999999997,,27.7975,27.959950000000003,,,33.58,31.71,24.63,30.56,42.07,39.39
2016-03-01,0.18545454545454543,27.588181818181816,28.495909090909084,35.05227272727271,,37.35863636363637,29.576704545454547,28.61904761904762,29.61904761904762,38.666666666666664,39.666666666666664,37.77314090909093,37.800239999999995,34.999759999999995,33.7998,32.42772,32.12604,,31.33802,32.05718,,,39.61,32.27,25.44,26.94,42.1,39.39
2016-04-01,0.19571428571428579,28.45047619047619,28.67238095238095,36.93857142857139,,38.746666666666655,30.696428571428573,30.0,31.0,39.0,40.0,38.00080000000001,38.00075,35.710950000000004,33.9999,31.63175,31.767449999999997,,31.905075,32.061975000000004,,,41.09,33.06,26.94,26.62,42.88,39.39
2016-05-01,0.19476190476190483,28.715238095238096,29.270476190476195,34.58999999999995,,37.21,30.964285714285715,30.0,31.0,39.0,40.0,36.58346666666668,36.2501,34.69838,33.09994,31.07794,30.57,,30.219939999999998,30.300099999999997,,,40.31,33.28,24.21,25.74,43.13,39.39
2016-06-01,0.18999999999999997,27.4395,27.658500000000004,31.71299999999996,,34.273,28.946875,28.4125,29.4125,37.4125,38.4125,32.46238000000001,31.937499999999996,30.934725,29.78485,29.0851,28.299999999999997,,27.759975,27.5,,,38.61,32.06,27.51,25.88,42.29,39.39
2016-07-01,0.18599999999999997,24.9525,25.074000000000005,29.07299999999998,,30.741499999999995,26.01875,26.075,27.075,35.075,36.075,30.274825000000003,30.2498,29.384675,28.637375,28.249725,27.7873,,27.212375,26.957150000000002,,,35.9,31.47,24.59,24.83,42.5,39.39
2016-08-01,0.18409090909090908,23.551363636363636,23.640454545454542,28.384999999999945,,30.03818181818182,24.84375,25.193181818181817,26.193181818181817,34.19318181818182,35.19318181818182,29.261577272727266,29.200219999999995,28.33014,27.70512,27.398000000000003,27.059980000000003,,26.583959999999998,26.371979999999997,,,35.09,29.88,24.03,23.88,42.39,45.24
2016-09-01,0.18000000000000005,21.785454545454545,21.803181818181816,26.969090909090838,,28.485909090909093,23.053977272727273,23.113636363636363,24.113636363636363,32.11363636363637,33.11363636363637,27.22756818181818,27.125,26.277424999999997,25.65345,25.42445,25.132575,,24.636775,24.43245,,,33.63,28.12,23.44,22.89,42.63,45.35
2016-10-01,0.17199999999999996,20.910500000000003,20.7705,26.104499999999963,,27.419,22.090625,22.5,23.5,31.5,32.5,26.75,26.7498,25.902425,25.367525,,24.745075,,24.228724999999997,,23.893333333333334,23.8301,32.45,26.61,23.2,22.46,41.54,39.39
2016-11-01,0.17238095238095238,19.884761904761906,19.72333333333333,25.658095238095235,,27.164285714285718,21.098214285714285,21.94047619047619,22.583333333333332,30.226190476190474,30.154761904761905,26.011904761904763,25.750040000000002,25.0916,24.661399999999997,,23.98572,,23.392274999999998,,23.170659999999998,,32.06,24.54,21.49,22.3,40.37,39.39
2016-12-01,0.175,18.955000000000002,19.0165,24.647499999999983,,25.948500000000003,20.028125,22.075,22.9,27.425,26.6,24.75,24.7503,24.438799999999997,24.157525,,23.656725,,23.291666666666668,,22.903225,,30.99,23.54,19.7,20.73,39.15,44.37
2017-01-01,0.1677272727272727,18.523636363636356,18.920909090909092,24.085454545454525,,25.411818181818184,19.767045454545453,22.75,23.863636363636363,26.75,25.636363636363637,24.75,23.47996,23.471633333333333,23.098100000000002,22.374850000000002,22.37516666666667,22.13455,22.420033333333333,21.9294,22.23006666666667,21.74615,30.26,22.53,19.2,18.82,39.77,39.39
2017-02-01,0.17333333333333337,18.558333333333337,18.77111111111111,23.553333333333313,,24.96944444444445,20.0625,22.75,24.0,26.75,25.5,24.75,22.7504,22.5101,22.0003,,21.5,,21.25,,21.2499,,29.7,21.93,19.08,18.97,39.07,39.39
2017-03-01,0.17045454545454541,18.12636363636364,18.57681818181818,22.8040909090909,,24.263636363636362,19.5,22.75,24.0,26.75,25.5,24.75,22.2501,21.9997,21.7499,,21.2485,,20.79,,20.9965,,29.78,22.24,19.09,18.83,38.91,42.53
2017-04-01,0.16555555555555554,17.833333333333332,18.241111111111113,23.946666666666662,,24.98888888888889,19.24652777777778,23.666666666666668,24.916666666666668,27.666666666666668,26.416666666666668,25.666666666666668,24.25,23.0001,22.4999,,22.0,,20.6,,21.49,,30.14,22.4,19.47,19.44,38.37,39.39
2017-05-01,0.1861904761904762,18.128095238095238,18.253333333333337,24.471904761904767,,25.522380952380953,19.633928571428573,24.25,25.5,28.25,27.0,26.25,25.4995,25.2499,24.6898,,23.0,,23.0,,,,30.58,21.89,19.82,19.57,38.31,39.39
2017-06-01,0.3261904761904762,18.27428571428571,18.31047619047619,24.81904761904762,,25.663809523809523,19.80952380952381,24.25,25.5,28.25,27.0,26.25,25.4996,25.25,24.7499,,24.35,,24.0,,,,30.77,21.26,19.14,18.78,37.62,39.39
2017-07-01,0.3266666666666667,18.44761904761905,18.43761904761905,25.120952380952378,,26.289523809523807,20.160714285714285,24.25,25.5,28.25,27.0,26.25,26.5004,26.1998,26.0001,,25.6501,,25.45,,,,30.88,21.87,21.35,19.3,38.29,42.69
2017-08-01,0.5277272727272727,18.889545454545456,19.096363636363634,25.99863636363636,,26.857727272727274,20.806818181818183,24.25,25.5,28.25,27.0,26.25,26.4997,26.4999,26.5,,26.2499,,25.9501,,,,30.95,21.45,19.41,17.73,38.28,41.45
2017-09-01,0.4957142857142857,19.367142857142852,19.46857142857143,26.40809523809524,,27.359523809523814,21.327380952380953,24.25,25.5,28.25,27.0,26.25,26.5004,26.8997,27.0002,,27.3001,,27.3501,,,,31.34,21.74,18.57,18.57,38.83,41.88
2017-10-01,0.3385714285714285,19.796666666666663,20.13095238095238,26.00238095238095,,26.985294117647054,21.558823529411764,24.25,25.5,28.25,27.0,26.25,26.5004,26.8397,27.0002,,27.3001,,27.3498,,,,31.49,22.64,18.83,18.41,38.36,42.09
2017-11-01,0.3880000000000001,20.901,21.639000000000003,27.991500000000002,,29.2805,22.59375,26.5,27.75,30.5,29.25,28.5,28.7502,29.0998,29.2501,,29.5001,,29.6,,,,32.58,24.19,17.31,17.83,39.3,41.26
2017-12-01,0.4263157894736841,21.746315789473684,22.68894736842105,29.096842105263164,,31.197368421052637,23.273026315789473,26.75,28.0,30.75,29.5,28.75,28.7502,28.8003,28.8002,,28.75,,28.6949,,,,34.14,25.35,18.67,17.42,39.99,42.21
2018-01-01,0.49499999999999994,21.673636363636362,22.66136363636364,27.547272727272727,,29.37727272727272,22.96590909090909,26.0,27.25,30.0,28.75,28.0,27.2404,26.9,26.5898,,25.9801,,25.45,,,,33.69,26.71,19.79,17.27,40.7,42.86
2018-02-01,0.6038888888888888,21.431666666666665,22.185,27.066111111111113,,28.694444444444443,22.78125,25.25,26.5,29.25,28.0,27.25,26.7501,26.4999,26.3001,,25.5,,25.2499,,,,33.35,26.65,20.21,16.02,40.46,43.08
2018-03-01,0.9365000000000002,21.229000000000003,22.314,26.584000000000003,,27.889999999999997,22.8125,25.25,26.5,29.25,28.0,27.25,26.5004,26.3002,25.9002,,25.5,,25.2499,,,,33.0,26.71,19.96,16.25,40.12,43.34
2018-04-01,1.3052631578947367,21.42947368421053,22.275789473684217,26.94263157894737,,28.093684210526316,22.81578947368421,25.407894736842106,26.657894736842106,29.407894736842106,28.157894736842106,27.407894736842106,26.2995,25.9992,25.7001,25.6999,25.6,,,,,,33.29,27.05,20.38,17.53,40.24,43.58
2018-05-01,1.638095238095238,25.266666666666662,26.00142857142857,38.00476190476191,,41.19761904761905,28.285714285714285,28.166666666666668,32.80952380952381,55.023809523809526,45.82142857142857,39.214285714285715,40.0004,39.9998,38.5001,38.0,37.9999,,,,,,40.26,32.03,19.6,18.62,42.14,44.17
2018-06-01,1.9520000000000004,27.622000000000003,28.248000000000008,39.422,,43.233999999999995,30.565625,32.2,35.4,49.8,44.6,40.0,,,,42.9998,,,,,,,44.28,36.43,22.92,21.76,44.47,44.64
2018-07-01,2.074285714285714,32.13,32.359523809523814,47.207142857142856,,50.88380952380952,34.520833333333336,35.0,37.0,45.0,43.0,40.0,46.5005,44.9999,43.751,42.3501,,,,,,,50.55,39.6,30.17,23.62,46.8,47.22
2018-08-01,2.6295454545454544,32.70545454545455,32.74,45.80772727272728,,50.01136363636363,35.16761363636363,36.36363636363637,38.36363636363637,45.0,43.0,44.54545454545455,45.0389,44.9999,42.7501,,,,,,,,51.78,41.56,33.95,21.31,48.65,47.31
2018-09-01,5.529999999999999,38.67450000000001,39.0095,60.463,,67.7105,41.85625,50.0,52.0,,,60.25,45.0019,44.9999,45.0003,,,,,,,,63.58,50.84,36.94,24.86,56.56,49.93
2018-10-01,6.122272727272727,47.41772727272726,46.94409090909091,69.64863636363636,,78.17318181818182,50.49147727272727,51.75,,92.07428181818182,,71.59054545454545,57.0001,57.0005,,,,,,,,,73.71,62.08,41.65,29.46,63.35,53.84
2018-11-01,7.8921052631578945,48.31105263157895,47.88000000000001,63.66894736842105,,72.15894736842105,51.36513157894737,49.68421052631579,,83.11415263157896,,64.06121052631579,49.9967,,,,,,,,,,75.21,63.04,44.93,28.52,64.51,56.37
2018-12-01,6.68,46.55111111111111,46.470555555555556,58.79944444444445,,65.0261111111111,48.635416666666664,46.31478333333334,,75.30218888888888,,59.35505555555557,,,,,,,,,,,70.8,64.56,47.6,24.98,63.9,61.11
2019-01-01,6.579545454545453,44.31727272727273,45.43363636363637,56.032272727272726,,61.15590909090909,45.8125,44.90545454545455,,73.14999999999999,,57.41804545454545,,,,,,,,,,,67.9,65.13,47.01,26.1,64.07,62.06
2019-02-01,4.9285,37.56000000000001,38.303999999999995,45.7895,,51.994499999999995,37.584375,37.5995,,63.03349999999998,,47.56885,,,,,,,,,,,60.64,52.25,42.31,25.57,62.21,63.04
2019-03-01,7.7436842105263155,39.61157894736842,40.078947368421055,54.98315789473685,,61.43894736842106,41.67434210526316,50.52578947368421,,79.03999999999996,,62.42821052631579,,,,,,,,,,,62.96,56.07,44.94,22.6,60.8,64.98
2019-04-01,10.421052631578947,46.484736842105264,46.3621052631579,65.55736842105263,,68.86105263157894,48.70723684210526,59.664210526315806,,86.65526315789472,,68.45568421052631,,,,,,,,,,,69.15,60.39,43.81,22.97,63.17,63.25
2019-05-01,10.812272727272726,50.46318181818182,50.52090909090909,70.265,,73.28636363636366,52.58806818181818,63.45545454545454,,90.72409090909092,,71.78727272727272,,,,,,,,,,,72.75,62.18,56.85,23.44,67.01,67.73
2019-06-01,8.685555555555556,49.904444444444444,50.80222222222221,66.28666666666666,,70.33722222222224,50.895833333333336,59.538333333333334,,85.91055555555556,,66.78172222222223,,,,,,,,,,,72.46,60.2,45.5,23.23,67.04,67.35
2019-07-01,7.076666666666667,47.45428571428571,48.41238095238096,58.45904761904761,,62.591904761904765,48.625,53.05190476190476,,75.77190476190474,,59.62490476190475,,,,,,,,,,,68.32,58.18,52.92,23.39,65.83,74.43
2019-08-01,9.155238095238094,53.3747619047619,53.65285714285714,67.2747619047619,,77.21809523809524,55.44345238095238,60.43142857142858,,102.1242857142857,,71.25595238095237,,,,,,,,,,,75.72,70.03,48.39,26.77,68.89,70.54
2019-09-01,8.528095238095236,58.10476190476191,58.029523809523816,70.05999999999999,,85.46714285714286,59.95238095238095,71.41,,127.3266666666667,,83.51166666666666,,,,,,,,,,,84.73,62.1,51.85,30.28,76.6,70.43
2019-10-01,6.77909090909091,54.46409090909091,54.05045454545456,61.28409090909091,,70.94,55.12215909090909,61.370909090909095,,108.41499999999998,,70.13940909090907,,,,,,,,,,,77.64,67.7,53.16,30.67,75.61,72.16
2019-11-01,3.6836842105263163,45.39473684210526,45.11263157894737,54.77315789473683,,64.04999999999998,45.98684210526316,55.596842105263164,,97.03999999999999,,63.53805263157894,,,,,,,,,,,72.02,62.3,44.83,33.24,74.24,76.02
2019-12-01,2.588947368421053,41.40684210526316,41.462105263157895,50.38736842105263,,58.57736842105262,41.953947368421055,53.701578947368425,,94.11052631578947,,61.368526315789474,,,,,,,,,,,66.44,56.99,47.51,30.54,71.63,81.77
2020-01-01,4.930909090909091,35.20636363636363,35.87227272727272,39.73636363636364,,50.5859090909091,36.15056818181818,41.08090909090909,,73.30909090909091,,51.81818181818182,,,,,,,,,,,60.11,50.48,44.08,25.74,69.07,76.46
2020-02-01,5.690000000000001,32.56777777777777,32.864444444444445,35.02388888888889,,43.04555555555555,33.58680555555556,22.72222222222222,,54.53333333333333,,45.44444444444444,,,,,,,,,,,53.12,41.6,38.34,24.12,63.99,73.45
2020-03-01,5.18842105263158,28.502105263157894,29.257368421052636,30.210526315789473,,38.58263157894738,29.56578947368421,15.294736842105255,,46.35789473684212,,38.63157894736842,,,,,,,,,,,47.48,40.01,30.59,23.88,59.7,57.45
2020-04-01,1.3535,21.183499999999995,22.494999999999997,8.616,,21.559500000000003,19.984375,12.35,,42.93999999999998,,38.0,,,,,,,,,,,38.63,27.94,28.69,23.54,53.06,45.83
2020-05-01,3.606842105263158,23.513157894736842,24.42105263157895,14.27421052631579,,20.86631578947368,23.4375,17.0,,41.79999999999999,,38.0,,,,,,,,,,,35.11,28.7,25.3,22.91,51.11,42.29
2020-06-01,3.973809523809525,28.43142857142858,28.813809523809525,16.526190476190475,,22.73904761904762,29.535714285714285,19.0,,41.79999999999999,,38.0,,,,,,,,,,,34.2,30.02,30.84,23.33,50.25,41.65
2020-07-01,3.829047619047618,28.34428571428572,28.44809523809524,16.258095238095237,,21.455238095238094,29.532738095238095,19.0,,41.79999999999999,,38.0,,,,,,,,,,,32.8,31.06,30.22,23.56,50.57,42.37
2020-08-01,3.9174999999999995,29.255499999999994,29.845000000000006,15.8475,,21.226000000000006,29.653125,19.0,,41.79999999999999,,38.0,,,,,,,,,,,32.01,29.59,30.03,24.85,51.11,42.2
2020-09-01,3.587272727272728,29.332272727272734,29.935000000000006,15.485000000000001,,20.705,29.744318181818183,19.0,,41.79999999999998,,38.0,,,,,,,,,,,30.46,29.06,27.96,25.78,51.59,41.31
2020-10-01,4.930476190476189,30.087619047619043,30.674761904761898,23.92428571428571,,27.37428571428571,30.696428571428573,27.571428571428573,,41.066666666666684,,36.904761904761905,,,,,,,,,,,33.41,32.16,31.63,26.85,50.64,41.9
2020-11-01,6.54421052631579,32.18789473684211,33.15684210526316,27.891052631578944,,32.295789473684216,32.94078947368421,31.57894736842105,,41.85789473684211,,36.94736842105263,,,,,,,,,,,37.88,36.43,32.79,26.52,52.85,42.18
2020-12-01,6.1433333333333335,33.388888888888886,33.844444444444456,30.060555555555556,,33.26777777777778,34.21527777777778,32.0,,42.70000000000002,,38.0,,,,,,,,,,,39.66,35.13,32.29,32.29,55.39,41.93
2021-01-01,7.043999999999999,33.484,34.19799999999999,30.543,,34.699,34.121875,32.0,,42.70000000000002,,38.0,,,,,,,,,,,40.47,34.68,29.23,27.72,56.38,42.36
2021-02-01,7.239444444444445,33.449999999999996,34.18666666666667,30.773333333333337,,34.91944444444445,34.10069444444444,32.0,,42.70000000000002,,38.0,,,,,,,,,,,40.95,35.09,30.26,28.5,55.94,42.78
2021-03-01,7.314090909090911,33.45454545454545,34.37454545454545,30.655909090909088,,36.07545454545454,34.06818181818182,32.0,,42.70000000000002,,38.0,,,,,,,,,,,41.32,34.77,28.72,28.16,56.0,42.25
2021-04-01,6.6485,33.5095,34.176,31.551,,36.44149999999999,34.096875,32.0,,42.70000000000002,,38.0,,,,,,,,,,,41.73,36.67,30.5,29.04,55.43,42.53
2021-05-01,7.223684210526316,33.27105263157895,34.457368421052635,32.444736842105264,,35.90052631578948,34.11513157894737,32.0,,42.70000000000002,,38.0,,,,,,,,,,,41.69,35.56,29.92,28.6,54.6,42.44
2021-06-01,7.020476190476191,33.599047619047624,34.62333333333333,31.922380952380948,,35.83285714285714,34.11904761904762,32.0,,42.70000000000002,,38.0,,,,,,,,,,,41.59,35.69,28.25,27.28,52.7,42.52
2021-07-01,6.532380952380952,33.61952380952381,34.205714285714286,31.687142857142856,,35.79761904761905,34.13095238095238,32.0,,42.70000000000002,,38.0,,,,,,,,,,,41.28,36.25,30.11,26.61,53.82,42.47
2021-08-01,7.2771428571428585,33.46380952380952,34.50142857142857,30.58904761904762,,35.53952380952381,34.157738095238095,32.0,,42.70000000000002,,38.0,,,,,,,,,,,40.96,36.91,28.78,27.31,53.14,42.69
2021-09-01,8.655000000000001,33.61272727272728,34.238181818181815,31.408636363636365,,35.72818181818183,34.15909090909091,32.0,,42.70000000000002,,38.0,,,,,,,,,,,41.31,35.09,28.03,27.74,53.65,42.87
2021-10-01,8.463157894736842,33.64526315789474,34.22263157894737,31.153684210526315,,35.22105263157894,34.141447368421055,32.0,,42.70000000000002,,38.0,,,,,,,,,,,41.53,34.9,31.51,27.59,52.87,42.73
2021-11-01,8.181904761904761,33.440952380952375,34.28571428571429,31.231428571428566,,35.19,34.17559523809524,32.0,,42.70000000000002,,38.0,,,,,,,,,,,41.08,34.65,28.78,27.8,51.81,43.03
2021-12-01,7.444,33.5175,34.452999999999996,30.71999999999999,,35.3805,34.2,32.0,,42.70000000000002,,38.0,,,,,,,,,,,40.46,34.78,29.71,28.8,53.0,42.87
2022-01-01,6.800476190476189,36.03190476190476,36.90523809523809,31.598571428571432,,35.6647619047619,36.92559523809524,32.0,,42.70000000000002,,39.714285714285715,,,,,,,,,,,41.59,34.82,30.51,28.73,54.95,43.1
2022-02-01,6.508421052631578,37.244736842105254,38.32157894736842,31.257368421052632,,35.97368421052632,38.31578947368421,32.473684210526315,,43.17368421052633,,40.921052631578945,,,,,,,,,,,42.05,35.74,30.87,29.24,55.87,46.2
2022-03-01,7.670000000000001,39.37190476190477,40.41428571428572,33.11428571428572,,37.201904761904764,40.541666666666664,33.785714285714285,,44.85714285714286,,43.166666666666664,,,,,,,,,,,43.0,36.47,32.66,28.35,55.98,46.7
2022-04-01,8.059473684210525,42.24894736842106,43.312105263157896,35.2657894736842,,38.91578947368421,43.27302631578947,35.28947368421053,,48.3421052631579,,45.94736842105263,,,,,,,,,,,44.44,39.6,32.01,29.63,58.03,48.44
2022-05-01,9.9435,44.326499999999996,45.37750000000001,38.24849999999999,,40.62850000000001,45.521875,36.825,,51.65,,48.2,,,,,,,,,,,46.4,41.11,34.42,30.98,58.95,50.23
2022-06-01,10.817999999999998,47.0095,47.8385,40.37200000000001,,42.67499999999999,48.20625,38.7,,54.8,,50.35,,,,,,,,,,,47.97,43.29,36.67,34.62,60.26,51.2
2022-07-01,11.083809523809524,50.12523809523809,50.970476190476184,43.70047619047619,,46.72142857142857,51.07142857142857,44.45238095238095,,62.38095238095238,,52.76190476190476,,,,,,,,,,,51.44,49.33,39.29,37.53,65.64,52.3
2022-08-01,15.976363636363637,59.77318181818182,61.38,57.71818181818182,,61.80454545454547,60.48863636363637,61.04545454545455,,83.27272727272727,,66.04545454545455,,,,,,,,,,,60.09,54.1,43.79,41.66,74.76,54.92
2022-09-01,20.31333333333333,65.69714285714285,66.9552380952381,64.00142857142858,,69.59380952380953,66.48809523809524,67.38095238095238,,91.66666666666667,,72.64285714285714,,,,,,,,,,,68.28,58.98,49.1,48.57,78.31,59.53
2022-10-01,20.948421052631577,68.56631578947366,70.36684210526316,66.27736842105263,,72.4363157894737,69.0625,70.0,,95.0,,75.0,,,,,,,,,,,72.46,61.09,60.85,50.3,82.93,68.79
2022-11-01,20.58666666666667,68.38904761904762,70.62666666666667,65.97095238095238,,73.86142857142858,69.17857142857143,70.0,,95.0,,75.0,,,,,,,,,,,74.51,61.22,61.42,47.85,79.06,76.84
2022-12-01,19.749500000000005,68.7515,70.655,67.88449999999999,,73.26149999999998,69.3,70.0,,95.0,,75.0,,,,,,,,,,,75.43,61.42,62.71,48.6,81.19,77.1
2023-01-01,20.04227272727272,68.94136363636363,69.92136363636364,66.59272727272729,,74.44818181818181,69.46875,70.9090909090909,,95.9090909090909,,75.0,,,,,,,,,,,76.78,61.44,58.18,46.21,80.16,79.25
2023-02-01,24.51944444444445,69.00833333333334,70.48055555555554,66.44333333333333,,75.14499999999998,69.77430555555556,72.0,,97.0,,75.0,,,,,,,,,,,77.71,64.23,57.28,47.25,80.53,79.88
2023-03-01,27.011818181818185,70.21681818181818,70.0209090909091,68.29045454545455,,75.04545454545456,70.98011363636364,72.0,,97.0,,76.5,,,,,,,,,,,77.93,64.51,64.33,48.87,80.82,79.28
2023-04-01,29.02444444444445,73.58944444444444,73.78888888888888,70.97833333333332,,76.33722222222224,74.23611111111111,74.27777777777777,,99.27777777777777,,80.27777777777777,,,,,,,,,,,79.73,69.98,63.17,50.76,81.92,79.83
2023-05-01,33.566500000000005,88.555,87.93199999999999,83.92749999999998,,88.72,90.046875,88.3,,113.3,,94.3,,,,,,,,,,,89.31,79.85,67.47,57.64,94.56,80.41
2023-06-01,33.71000000000001,91.49,91.20450000000001,86.08850000000001,,92.21350000000002,92.446875,91.0,,116.0,,97.0,,,,,,,,,,,95.13,83.28,75.44,66.15,104.56,82.83
2023-07-01,32.28428571428571,91.63666666666668,90.5304761904762,86.81428571428572,,91.75857142857143,92.60119047619048,91.0,,116.0,,97.0,,,,,,,,,,,97.04,86.63,75.93,65.13,102.71,84.2
2023-08-01,40.68181818181818,102.94181818181822,100.63000000000002,99.14863636363638,,102.72727272727273,104.01704545454545,102.81818181818181,,130.1818181818182,,109.4090909090909,,,,,,,,,,,104.32,92.54,78.57,66.19,108.78,88.71
2023-09-01,45.3547619047619,112.43571428571428,113.72619047619045,108.87904761904763,,113.50666666666666,113.73511904761905,111.0,,140.0,,118.0,,,,,,,,,,,116.71,104.61,91.62,71.92,98.11,92.5
2023-10-01,50.656,120.34949999999999,122.484,112.204,,121.75650000000003,122.08125,119.25,,151.0,,127.0,,,,,,,,,,,124.95,110.39,95.41,73.49,115.38,97.34
2023-11-01,49.42100000000001,127.6415,129.587,117.026,,128.331,129.35,126.0,,160.0,,133.0,,,,,,,,,,,133.71,117.46,102.21,72.87,135.55,107.53
2023-12-01,37.38210526315789,119.63368421052631,118.28631578947366,101.05526315789476,,112.05473684210526,121.17105263157895,109.57894736842105,,160.0,,117.36842105263158,,,,,,,,,,,125.58,115.21,113.17,74.21,139.61,120.48
2024-01-01,50.025,106.87090909090908,107.70227272727271,93.67636363636362,,103.94318181818181,109.16761363636364,100.0,,160.0,,100.0,,,,,,,,,,,117.67,108.32,102.72,67.86,136.73,121.11
2024-02-01,47.449473684210524,106.32263157894738,105.52578947368421,94.32578947368421,,103.50999999999999,108.89473684210526,100.0,,160.0,,100.0,,,,,,,,,,,114.54,101.41,87.81,67.66,126.84,122.48
2024-03-01,38.23842105263158,84.20105263157896,83.78736842105263,84.12526315789472,,92.04526315789472,85.41447368421052,87.36842105263158,,134.73684210526315,,87.36842105263158,,,,,,,,,,,105.39,76.14,93.31,60.03,125.46,124.08
2024-04-01,28.546,61.96450000000001,58.34099999999999,67.42250000000001,,75.48,62.66875,71.0,,106.5,,71.0,,,,,,,,,,,88.5,57.67,62.91,48.78,101.52,121.75
2024-05-01,15.64818181818182,35.22818181818182,30.629545454545447,41.95909090909092,,47.89454545454546,35.58522727272727,43.63636363636363,,65.45454545454545,,43.63636363636363,,,,,,,,,,,60.68,34.72,41.92,32.69,69.43,116.33
2024-06-01,12.555882352941175,32.709411764705884,27.74823529411765,37.480588235294114,,44.36882352941177,33.4264705882353,40.0,,60.0,,40.0,,,,,,,,,,,52.82,33.21,27.94,29.69,64.06,101.72
2024-07-01,13.810454545454546,36.03590909090909,35.456818181818186,38.192727272727275,,45.61727272727272,36.90625,40.0,,54.54545454545455,,40.0,,,,,,,,,,,50.83,34.81,32.76,30.33,63.24,87.12
2024-08-01,15.024090909090908,38.28454545454546,37.71409090909091,42.51590909090909,,46.61636363636364,38.84375,,,48.0,,40.0,,,,,,,,,,,51.85,37.65,27.89,31.87,67.99,96.01
2024-09-01,14.989047619047621,39.04,38.15952380952382,43.995714285714286,,47.87571428571429,39.38095238095238,,,45.57142857142857,,40.0,,,,,,,,,,,53.1,37.62,33.21,37.48,68.58,96.62
2024-10-01,13.93681818181818,40.16181818181818,39.79318181818182,45.59181818181817,,49.903636363636366,40.50852272727273,,,45.0,,40.0,,,,,,,,,,,55.25,39.94,33.33,37.37,70.43,96.0
2024-11-01,11.429999999999998,36.05684210526315,35.5921052631579,39.79526315789474,,43.98894736842105,36.171052631578945,,,40.0,,35.0,,,,,,,,,,,52.6,38.23,33.75,38.05,70.83,89.61
2024-12-01,9.942105263157893,32.898421052631576,31.84263157894737,37.19631578947369,,39.65526315789473,32.875,,,36.8421052631579,,32.63157894736842,,,,,,,,,,,48.45,35.99,32.95,34.23,70.51,88.71
2025-01-01,9.793636363636363,31.282272727272723,30.43136363636364,36.12499999999999,,38.57454545454546,31.49715909090909,,,35.86363636363637,,31.863636363636363,,,,,,,,,,,46.06,36.48,33.63,29.44,71.23,83.91
2025-02-01,8.4195,28.230499999999996,27.218,32.43900000000001,,35.8805,28.478125,,,33.0,,29.0,,,,,,,,,,,43.76,34.26,33.52,32.32,69.25,84.3
2025-03-01,8.337222222222223,29.15555555555556,27.811666666666664,32.349999999999994,,35.59222222222222,29.506944444444443,,,33.0,,29.0,,,,,,,,,,,42.85,32.67,32.58,30.12,68.84,84.7
2025-04-01,10.462631578947367,33.06368421052632,31.639473684210525,35.206315789473685,,41.37736842105264,33.1546052631579,,,33.0,,29.0,,,,,,,,,,,46.29,37.53,31.85,25.69,70.93,83.99
2025-05-01,10.8545,32.7725,33.5315,32.7175,,36.974000000000004,32.753125,,,33.0,,29.0,,,,,,,,,,,44.99,40.4,35.25,29.62,72.65,85.0
2025-06-01,10.618421052631582,32.199473684210524,32.47736842105263,33.79,,36.967894736842105,32.161184210526315,,,33.0,,29.0,,,,,,,,,,,45.85,40.33,37.84,28.77,73.35,86.47
2025-07-01,9.743636363636364,32.470454545454544,32.43909090909091,40.64363636363636,,47.37272727272727,32.49715909090909,,,33.0,,,,,,,,,,,,,51.48,40.09,38.66,24.95,70.0,85.74
2025-08-01,13.036000000000001,46.995000000000005,45.266999999999996,68.88799999999999,,76.30600000000001,48.03125,,,,,,,,,,,,,,,,71.95,49.95,46.86,27.42,73.98,86.56
2025-09-01,11.94909090909091,48.357272727272715,45.083181818181814,46.529545454545456,,57.17681818181818,48.42897727272727,,,,,,,,,,,,,,,,70.95,60.51,58.81,28.34,81.95,84.59
2025-10-01,14.864090909090912,46.33863636363636,43.78272727272727,65.86590909090908,,81.10590909090911,46.16761363636363,,,,,,,,,,,,,,,,80.31,58.91,60.46,26.49,83.55,84.57
2025-11-01,8.116470588235293,32.059411764705885,30.511764705882356,28.46176470588235,,38.30058823529413,32.025735294117645,,,,,,,,,,,,,,,,57.11,46.97,45.56,25.57,77.98,87.38
2025-12-01,5.742631578947369,26.28684210526316,25.336842105263155,24.058947368421048,,28.73894736842105,26.460526315789473,,,,,,,,,,,,,,,,46.79,37.0,39.75,24.94,70.93,96.52
2026-01-01,7.427619047619047,30.730952380952377,28.51,36.194761904761904,,38.60714285714286,31.202380952380953,,,,,,,,,,,,,,,,54.17,39.08,41.43,18.57,68.66,90.35
2026-02-01,6.967222222222222,30.33388888888889,28.713888888888885,32.58111111111111,,36.083333333333336,30.791666666666668,,,,,,,,,,,,,,,,52.03,39.96,39.23,17.63,69.68,88.88
2026-03-01,5.630499999999998,27.488,27.588,32.28249999999999,,35.531,27.56875,,,,,,,,,,,,,,,,47.31,37.35,37.16,19.25,69.41,88.12
2026-04-01,5.1165,22.489000000000008,23.4875,35.127500000000005,,41.1105,22.446875,,,,,,,,,,,,,,,,43.68,31.18,31.77,17.49,67.89,84.73
2026-05-01,5.027894736842105,21.346842105263164,21.764210526315793,32.65631578947369,,36.98473684210527,21.345394736842106,,,,,,,,,,,,,,,,41.06,30.12,30.1,17.03,67.25,87.23
2026-06-01,4.646190476190475,20.89714285714286,20.96380952380952,33.90761904761904,,37.015238095238104,20.69047619047619,,,,,,,,,,,,,,,,40.61,29.2,32.0,16.37,66.68,83.66
2026-07-01,4.540952380952381,21.204285714285714,21.800476190476193,40.85666666666667,,47.811428571428564,21.31845238095238,,,,,,,,,,,,,,,,39.2,29.81,30.26,16.89,65.77,82.67
2026-08-01,4.9905,22.355999999999998,21.5825,68.88799999999999,,76.30600000000001,22.721875,,,,,,,,,,,,,,,,39.35,31.07,32.12,17.61,65.77,79.11
