periodo,variable,media_%,desvio_%,n_meses
2017-2022,r_personales,1.1896,1.1414,72
2017-2022,r_tarjetas,0.8367,1.4983,72
2017-2022,g_priv_reg,-0.2074,1.5667,72
2017-2022,g_publico,-0.2583,1.6384,72
2017-2022,g_no_reg,-0.6495,1.9411,72
2023,r_personales,-1.0353,3.5947,12
2023,r_tarjetas,-2.0429,3.6649,12
2023,g_priv_reg,-1.243,3.758,12
2023,g_publico,-1.6816,6.099,12
2023,g_no_reg,-2.9424,4.1769,12
2024-2026,r_personales,2.4362,2.3815,31
2024-2026,r_tarjetas,3.8267,2.8517,31
2024-2026,g_priv_reg,0.2884,1.1507,31
2024-2026,g_publico,0.0209,1.8634,31
2024-2026,g_no_reg,2.6371,3.8933,31
